-- phpMyAdmin SQL Dump
-- version 5.2.0
-- https://www.phpmyadmin.net/
--
-- Host: localhost
-- Generation Time: Feb 04, 2023 at 01:04 PM
-- Server version: 10.4.26-MariaDB
-- PHP Version: 7.4.28

SET SQL_MODE = "NO_AUTO_VALUE_ON_ZERO";
START TRANSACTION;
SET time_zone = "+00:00";


/*!40101 SET @OLD_CHARACTER_SET_CLIENT=@@CHARACTER_SET_CLIENT */;
/*!40101 SET @OLD_CHARACTER_SET_RESULTS=@@CHARACTER_SET_RESULTS */;
/*!40101 SET @OLD_COLLATION_CONNECTION=@@COLLATION_CONNECTION */;
/*!40101 SET NAMES utf8mb4 */;

--
-- Database: `cbcc_db_cbcc`
--

-- --------------------------------------------------------

--
-- Table structure for table `activity_logs`
--

CREATE TABLE `activity_logs` (
  `id` bigint(20) NOT NULL,
  `user_id` bigint(20) NOT NULL,
  `description` text COLLATE utf8mb4_unicode_ci NOT NULL,
  `created_at` timestamp NOT NULL DEFAULT current_timestamp() ON UPDATE current_timestamp(),
  `updated_at` timestamp NOT NULL DEFAULT '0000-00-00 00:00:00'
) ENGINE=InnoDB DEFAULT CHARSET=utf8mb4 COLLATE=utf8mb4_unicode_ci;

-- --------------------------------------------------------

--
-- Table structure for table `commitments`
--

CREATE TABLE `commitments` (
  `id` bigint(20) NOT NULL,
  `name` varchar(255) COLLATE utf8mb4_unicode_ci NOT NULL,
  `member_id` bigint(20) NOT NULL,
  `amount` double UNSIGNED NOT NULL DEFAULT 0,
  `year` varchar(4) COLLATE utf8mb4_unicode_ci NOT NULL,
  `created_at` timestamp NULL DEFAULT NULL,
  `updated_at` timestamp NULL DEFAULT NULL
) ENGINE=InnoDB DEFAULT CHARSET=utf8mb4 COLLATE=utf8mb4_unicode_ci;

--
-- Dumping data for table `commitments`
--

INSERT INTO `commitments` (`id`, `name`, `member_id`, `amount`, `year`, `created_at`, `updated_at`) VALUES
(1, 'firstfruit', 1, 21700, '2023', '2023-02-01 11:24:29', '2023-02-03 20:40:47'),
(2, 'firstfruit', 2, 15000, '2023', '2023-02-01 11:25:06', '2023-02-03 22:45:35'),
(3, 'firstfruit', 3, 0, '2023', '2023-02-03 22:20:38', '2023-02-03 22:20:38'),
(4, 'firstfruit', 4, 5000, '2023', '2023-02-03 22:20:59', '2023-02-03 22:21:06'),
(5, 'firstfruit', 5, 0, '2023', '2023-02-03 22:21:19', '2023-02-03 22:21:19'),
(6, 'firstfruit', 6, 0, '2023', '2023-02-03 22:21:35', '2023-02-03 22:21:35'),
(7, 'firstfruit', 7, 10000, '2023', '2023-02-03 22:22:04', '2023-02-03 22:22:19'),
(8, 'firstfruit', 8, 0, '2023', '2023-02-03 22:22:28', '2023-02-03 22:22:28'),
(9, 'firstfruit', 9, 70000, '2023', '2023-02-03 22:22:43', '2023-02-03 22:22:51'),
(10, 'firstfruit', 10, 5000, '2023', '2023-02-03 22:23:10', '2023-02-03 22:23:16'),
(11, 'firstfruit', 11, 50000, '2023', '2023-02-03 22:23:37', '2023-02-03 22:23:44'),
(12, 'firstfruit', 12, 1000, '2023', '2023-02-03 22:23:58', '2023-02-03 22:24:04'),
(13, 'firstfruit', 13, 12000, '2023', '2023-02-03 22:24:16', '2023-02-03 22:24:23'),
(14, 'firstfruit', 14, 100000, '2023', '2023-02-03 22:24:52', '2023-02-03 22:25:02'),
(15, 'firstfruit', 15, 10000, '2023', '2023-02-03 22:25:14', '2023-02-03 22:25:22'),
(16, 'firstfruit', 16, 15000, '2023', '2023-02-03 22:25:36', '2023-02-03 22:25:44'),
(17, 'firstfruit', 17, 60000, '2023', '2023-02-03 22:26:06', '2023-02-03 22:26:18'),
(18, 'firstfruit', 18, 50000, '2023', '2023-02-03 22:27:49', '2023-02-03 22:27:59'),
(19, 'firstfruit', 19, 0, '2023', '2023-02-03 22:28:09', '2023-02-03 22:28:09'),
(20, 'firstfruit', 20, 30000, '2023', '2023-02-03 22:28:22', '2023-02-03 22:28:31'),
(21, 'firstfruit', 21, 7200, '2023', '2023-02-03 22:29:08', '2023-02-03 22:29:16'),
(22, 'firstfruit', 22, 0, '2023', '2023-02-03 22:30:53', '2023-02-03 22:30:53'),
(23, 'firstfruit', 23, 15000, '2023', '2023-02-03 22:31:12', '2023-02-03 22:31:33'),
(24, 'firstfruit', 24, 60000, '2023', '2023-02-03 22:31:53', '2023-02-03 22:32:00'),
(25, 'firstfruit', 25, 20000, '2023', '2023-02-03 22:32:17', '2023-02-03 22:32:26'),
(26, 'firstfruit', 26, 10000, '2023', '2023-02-03 22:32:37', '2023-02-03 22:32:44'),
(27, 'firstfruit', 27, 15000, '2023', '2023-02-03 22:32:55', '2023-02-03 22:33:03'),
(28, 'firstfruit', 28, 10000, '2023', '2023-02-03 22:33:48', '2023-02-03 22:33:58'),
(29, 'firstfruit', 29, 30000, '2023', '2023-02-03 22:34:13', '2023-02-03 22:34:24'),
(30, 'firstfruit', 30, 10000, '2023', '2023-02-03 22:34:40', '2023-02-03 22:34:48'),
(31, 'firstfruit', 31, 0, '2023', '2023-02-03 22:35:19', '2023-02-03 22:35:19'),
(32, 'firstfruit', 32, 5000, '2023', '2023-02-03 22:35:32', '2023-02-03 22:35:38'),
(33, 'firstfruit', 33, 200000, '2023', '2023-02-03 22:35:51', '2023-02-03 22:35:57'),
(34, 'firstfruit', 34, 12000, '2023', '2023-02-03 22:36:15', '2023-02-03 22:36:24'),
(35, 'firstfruit', 35, 16000, '2023', '2023-02-03 22:36:34', '2023-02-03 22:36:41'),
(36, 'firstfruit', 36, 2500, '2023', '2023-02-03 22:36:55', '2023-02-03 22:37:01'),
(37, 'firstfruit', 37, 28000, '2023', '2023-02-03 22:37:11', '2023-02-03 22:37:19'),
(38, 'firstfruit', 38, 2000, '2023', '2023-02-03 22:37:29', '2023-02-03 22:37:35'),
(39, 'firstfruit', 39, 44905, '2023', '2023-02-03 22:37:47', '2023-02-03 22:37:54'),
(40, 'firstfruit', 40, 0, '2023', '2023-02-03 22:38:05', '2023-02-03 22:38:05'),
(41, 'firstfruit', 41, 180000, '2023', '2023-02-03 22:45:12', '2023-02-03 22:45:20'),
(42, 'firstfruit', 42, 251420, '2023', '2023-02-03 22:45:50', '2023-02-03 22:46:00'),
(43, 'firstfruit', 43, 500000, '2023', '2023-02-03 22:46:10', '2023-02-03 22:46:16'),
(44, 'firstfruit', 44, 38000, '2023', '2023-02-03 22:46:31', '2023-02-03 22:46:38'),
(45, 'firstfruit', 45, 0, '2023', '2023-02-03 22:46:49', '2023-02-03 22:46:49'),
(46, 'firstfruit', 46, 36000, '2023', '2023-02-03 22:47:09', '2023-02-03 22:47:20'),
(47, 'firstfruit', 47, 32000, '2023', '2023-02-03 22:47:32', '2023-02-03 22:47:38'),
(48, 'firstfruit', 48, 120000, '2023', '2023-02-03 22:47:51', '2023-02-03 22:47:57'),
(49, 'firstfruit', 49, 0, '2023', '2023-02-03 22:48:07', '2023-02-03 22:48:07'),
(50, 'firstfruit', 50, 20000, '2023', '2023-02-03 22:49:23', '2023-02-03 22:49:31'),
(51, 'firstfruit', 51, 20000, '2023', '2023-02-03 22:49:47', '2023-02-03 22:49:55'),
(52, 'firstfruit', 52, 20000, '2023', '2023-02-03 22:50:31', '2023-02-03 22:50:38'),
(53, 'firstfruit', 53, 0, '2023', '2023-02-03 22:50:51', '2023-02-03 22:50:51'),
(54, 'firstfruit', 54, 0, '2023', '2023-02-03 22:51:16', '2023-02-03 22:51:16'),
(55, 'firstfruit', 55, 2000, '2023', '2023-02-03 22:51:28', '2023-02-03 22:51:35'),
(56, 'firstfruit', 56, 0, '2023', '2023-02-03 22:51:46', '2023-02-03 22:51:46'),
(57, 'firstfruit', 57, 10000, '2023', '2023-02-03 22:52:09', '2023-02-03 22:52:16'),
(58, 'firstfruit', 58, 0, '2023', '2023-02-03 22:53:03', '2023-02-03 22:53:03'),
(59, 'firstfruit', 59, 0, '2023', '2023-02-03 22:53:20', '2023-02-03 22:53:20'),
(60, 'firstfruit', 60, 4400, '2023', '2023-02-03 22:53:33', '2023-02-03 22:53:39'),
(61, 'firstfruit', 61, 0, '2023', '2023-02-03 22:54:04', '2023-02-03 22:54:04'),
(62, 'firstfruit', 62, 500, '2023', '2023-02-03 22:54:23', '2023-02-03 22:54:28'),
(63, 'firstfruit', 63, 15000, '2023', '2023-02-03 22:54:38', '2023-02-03 22:54:45'),
(64, 'firstfruit', 64, 5000, '2023', '2023-02-03 22:54:56', '2023-02-03 22:55:04'),
(65, 'firstfruit', 65, 15000, '2023', '2023-02-03 22:55:15', '2023-02-03 22:55:21'),
(66, 'firstfruit', 66, 0, '2023', '2023-02-03 22:55:35', '2023-02-03 22:55:35'),
(67, 'firstfruit', 67, 0, '2023', '2023-02-03 22:55:48', '2023-02-03 22:55:48'),
(68, 'firstfruit', 68, 0, '2023', '2023-02-03 22:55:56', '2023-02-03 22:55:56'),
(69, 'firstfruit', 69, 5000, '2023', '2023-02-03 22:56:19', '2023-02-03 22:56:25'),
(70, 'firstfruit', 70, 10000, '2023', '2023-02-03 22:56:41', '2023-02-03 22:56:47'),
(71, 'firstfruit', 71, 0, '2023', '2023-02-03 22:57:02', '2023-02-03 22:57:02'),
(72, 'firstfruit', 72, 4000, '2023', '2023-02-03 22:57:14', '2023-02-03 22:57:25'),
(73, 'firstfruit', 73, 40000, '2023', '2023-02-03 22:57:37', '2023-02-03 22:57:42'),
(74, 'firstfruit', 74, 0, '2023', '2023-02-03 22:57:51', '2023-02-03 22:57:51'),
(75, 'firstfruit', 75, 0, '2023', '2023-02-03 22:58:02', '2023-02-03 22:58:02'),
(76, 'firstfruit', 76, 0, '2023', '2023-02-03 22:58:12', '2023-02-03 22:58:12'),
(77, 'firstfruit', 77, 10000, '2023', '2023-02-03 22:58:26', '2023-02-03 22:58:33'),
(78, 'firstfruit', 78, 6000, '2023', '2023-02-03 22:58:44', '2023-02-03 22:58:53'),
(79, 'firstfruit', 79, 20000, '2023', '2023-02-03 22:59:07', '2023-02-03 22:59:12'),
(80, 'firstfruit', 80, 0, '2023', '2023-02-03 22:59:25', '2023-02-03 22:59:25'),
(81, 'firstfruit', 81, 5000, '2023', '2023-02-03 22:59:39', '2023-02-03 22:59:44'),
(82, 'firstfruit', 82, 2500, '2023', '2023-02-03 23:00:05', '2023-02-03 23:00:11'),
(83, 'firstfruit', 83, 0, '2023', '2023-02-04 00:20:49', '2023-02-04 00:20:49'),
(84, 'firstfruit', 84, 0, '2023', '2023-02-04 00:21:21', '2023-02-04 00:21:21'),
(85, 'firstfruit', 85, 0, '2023', '2023-02-04 00:22:03', '2023-02-04 00:22:03'),
(86, 'firstfruit', 86, 0, '2023', '2023-02-04 00:22:51', '2023-02-04 00:22:51'),
(87, 'firstfruit', 87, 0, '2023', '2023-02-04 00:23:24', '2023-02-04 00:23:24'),
(88, 'firstfruit', 88, 0, '2023', '2023-02-04 00:24:46', '2023-02-04 00:24:46'),
(89, 'firstfruit', 89, 0, '2023', '2023-02-04 00:26:29', '2023-02-04 00:26:29'),
(90, 'firstfruit', 90, 0, '2023', '2023-02-04 00:26:58', '2023-02-04 00:26:58'),
(91, 'firstfruit', 91, 0, '2023', '2023-02-04 00:27:48', '2023-02-04 00:27:48'),
(92, 'firstfruit', 92, 0, '2023', '2023-02-04 00:28:08', '2023-02-04 00:28:08'),
(93, 'firstfruit', 93, 0, '2023', '2023-02-04 00:28:33', '2023-02-04 00:28:33'),
(94, 'firstfruit', 94, 0, '2023', '2023-02-04 00:32:46', '2023-02-04 00:32:46'),
(95, 'firstfruit', 95, 0, '2023', '2023-02-04 00:34:02', '2023-02-04 00:34:02'),
(96, 'firstfruit', 96, 0, '2023', '2023-02-04 00:34:31', '2023-02-04 00:34:31'),
(97, 'firstfruit', 97, 0, '2023', '2023-02-04 00:34:59', '2023-02-04 00:34:59'),
(98, 'firstfruit', 98, 0, '2023', '2023-02-04 00:35:29', '2023-02-04 00:35:29'),
(99, 'firstfruit', 99, 0, '2023', '2023-02-04 00:36:06', '2023-02-04 00:36:06'),
(100, 'firstfruit', 100, 0, '2023', '2023-02-04 00:37:37', '2023-02-04 00:37:37'),
(101, 'firstfruit', 101, 0, '2023', '2023-02-04 00:38:09', '2023-02-04 00:38:09'),
(102, 'firstfruit', 102, 0, '2023', '2023-02-04 00:38:34', '2023-02-04 00:38:34'),
(103, 'firstfruit', 103, 0, '2023', '2023-02-04 00:40:20', '2023-02-04 00:40:20'),
(104, 'firstfruit', 104, 0, '2023', '2023-02-04 01:10:56', '2023-02-04 01:10:56'),
(105, 'firstfruit', 105, 0, '2023', '2023-02-04 01:14:52', '2023-02-04 01:14:52'),
(106, 'firstfruit', 106, 0, '2023', '2023-02-04 01:15:17', '2023-02-04 01:15:17'),
(107, 'firstfruit', 107, 0, '2023', '2023-02-04 01:15:53', '2023-02-04 01:15:53'),
(108, 'firstfruit', 108, 0, '2023', '2023-02-04 01:16:15', '2023-02-04 01:16:15'),
(109, 'firstfruit', 109, 0, '2023', '2023-02-04 01:17:40', '2023-02-04 01:17:40'),
(110, 'firstfruit', 110, 0, '2023', '2023-02-04 01:18:06', '2023-02-04 01:18:06'),
(111, 'firstfruit', 111, 0, '2023', '2023-02-04 01:18:57', '2023-02-04 01:18:57'),
(112, 'firstfruit', 112, 0, '2023', '2023-02-04 01:19:43', '2023-02-04 01:19:43'),
(113, 'firstfruit', 113, 0, '2023', '2023-02-04 01:20:30', '2023-02-04 01:20:30'),
(114, 'firstfruit', 114, 0, '2023', '2023-02-04 01:21:47', '2023-02-04 01:21:47'),
(115, 'firstfruit', 115, 0, '2023', '2023-02-04 01:22:03', '2023-02-04 01:22:03'),
(116, 'firstfruit', 116, 0, '2023', '2023-02-04 01:23:38', '2023-02-04 01:23:38'),
(117, 'firstfruit', 117, 0, '2023', '2023-02-04 01:27:00', '2023-02-04 01:27:00'),
(118, 'firstfruit', 118, 0, '2023', '2023-02-04 01:27:29', '2023-02-04 01:27:29'),
(119, 'firstfruit', 119, 0, '2023', '2023-02-04 09:10:35', '2023-02-04 09:10:35'),
(120, 'firstfruit', 120, 0, '2023', '2023-02-04 09:14:06', '2023-02-04 09:14:06'),
(121, 'firstfruit', 121, 0, '2023', '2023-02-04 15:53:00', '2023-02-04 15:53:00'),
(122, 'firstfruit', 122, 0, '2023', '2023-02-04 15:55:07', '2023-02-04 15:55:07'),
(123, 'firstfruit', 123, 0, '2023', '2023-02-04 15:56:36', '2023-02-04 15:56:36'),
(124, 'firstfruit', 124, 0, '2023', '2023-02-04 15:57:03', '2023-02-04 15:57:03'),
(125, 'firstfruit', 125, 0, '2023', '2023-02-04 15:57:32', '2023-02-04 15:57:32'),
(126, 'firstfruit', 126, 0, '2023', '2023-02-04 15:57:59', '2023-02-04 15:57:59'),
(127, 'firstfruit', 127, 0, '2023', '2023-02-04 16:08:00', '2023-02-04 16:08:00'),
(128, 'firstfruit', 128, 0, '2023', '2023-02-04 16:08:50', '2023-02-04 16:08:50'),
(129, 'firstfruit', 129, 0, '2023', '2023-02-04 16:09:21', '2023-02-04 16:09:21'),
(130, 'firstfruit', 130, 0, '2023', '2023-02-04 16:16:47', '2023-02-04 16:16:47'),
(131, 'firstfruit', 131, 0, '2023', '2023-02-04 16:19:46', '2023-02-04 16:19:46'),
(132, 'firstfruit', 132, 0, '2023', '2023-02-04 16:23:36', '2023-02-04 16:23:36'),
(133, 'firstfruit', 133, 0, '2023', '2023-02-04 16:26:28', '2023-02-04 16:26:28'),
(134, 'firstfruit', 134, 0, '2023', '2023-02-04 16:27:14', '2023-02-04 16:27:14'),
(135, 'firstfruit', 135, 0, '2023', '2023-02-04 16:28:40', '2023-02-04 16:28:40'),
(136, 'firstfruit', 136, 0, '2023', '2023-02-04 16:29:17', '2023-02-04 16:29:17'),
(137, 'firstfruit', 137, 0, '2023', '2023-02-04 16:29:49', '2023-02-04 16:29:49'),
(138, 'firstfruit', 138, 0, '2023', '2023-02-04 16:30:20', '2023-02-04 16:30:20'),
(139, 'firstfruit', 139, 0, '2023', '2023-02-04 16:30:49', '2023-02-04 16:30:49'),
(140, 'firstfruit', 140, 0, '2023', '2023-02-04 16:32:49', '2023-02-04 16:32:49');

-- --------------------------------------------------------

--
-- Table structure for table `expenses`
--

CREATE TABLE `expenses` (
  `id` bigint(20) NOT NULL,
  `voucher_number` varchar(255) COLLATE utf8mb4_unicode_ci NOT NULL,
  `ministry_id` bigint(20) DEFAULT NULL,
  `name` varchar(255) COLLATE utf8mb4_unicode_ci NOT NULL,
  `descriptions` text COLLATE utf8mb4_unicode_ci DEFAULT NULL,
  `date` date NOT NULL,
  `amount` double UNSIGNED DEFAULT NULL,
  `recorded_by` bigint(20) DEFAULT NULL,
  `status` enum('0','1') COLLATE utf8mb4_unicode_ci NOT NULL DEFAULT '1',
  `created_at` timestamp NOT NULL DEFAULT current_timestamp() ON UPDATE current_timestamp(),
  `updated_at` timestamp NULL DEFAULT NULL
) ENGINE=InnoDB DEFAULT CHARSET=utf8mb4 COLLATE=utf8mb4_unicode_ci;

-- --------------------------------------------------------

--
-- Table structure for table `failed_jobs`
--

CREATE TABLE `failed_jobs` (
  `id` bigint(20) UNSIGNED NOT NULL,
  `uuid` varchar(255) COLLATE utf8mb4_unicode_ci NOT NULL,
  `connection` text COLLATE utf8mb4_unicode_ci NOT NULL,
  `queue` text COLLATE utf8mb4_unicode_ci NOT NULL,
  `payload` longtext COLLATE utf8mb4_unicode_ci NOT NULL,
  `exception` longtext COLLATE utf8mb4_unicode_ci NOT NULL,
  `failed_at` timestamp NOT NULL DEFAULT current_timestamp()
) ENGINE=InnoDB DEFAULT CHARSET=utf8mb4 COLLATE=utf8mb4_unicode_ci;

-- --------------------------------------------------------

--
-- Table structure for table `members`
--

CREATE TABLE `members` (
  `id` bigint(20) NOT NULL,
  `first_name` varchar(255) COLLATE utf8mb4_unicode_ci NOT NULL,
  `middle_name` varchar(255) COLLATE utf8mb4_unicode_ci DEFAULT NULL,
  `last_name` varchar(255) COLLATE utf8mb4_unicode_ci NOT NULL,
  `email` varchar(255) COLLATE utf8mb4_unicode_ci DEFAULT NULL,
  `birthdate` date DEFAULT NULL,
  `address` text COLLATE utf8mb4_unicode_ci DEFAULT NULL,
  `gender` enum('male','female') COLLATE utf8mb4_unicode_ci DEFAULT NULL,
  `occupation` varchar(255) COLLATE utf8mb4_unicode_ci DEFAULT NULL,
  `contact_number` varchar(255) COLLATE utf8mb4_unicode_ci DEFAULT NULL,
  `status` enum('0','1') COLLATE utf8mb4_unicode_ci NOT NULL DEFAULT '1' COMMENT '1=Active, 0=Inactive',
  `created_at` timestamp NULL DEFAULT NULL,
  `updated_at` timestamp NULL DEFAULT NULL
) ENGINE=InnoDB DEFAULT CHARSET=utf8mb4 COLLATE=utf8mb4_unicode_ci;

--
-- Dumping data for table `members`
--

INSERT INTO `members` (`id`, `first_name`, `middle_name`, `last_name`, `email`, `birthdate`, `address`, `gender`, `occupation`, `contact_number`, `status`, `created_at`, `updated_at`) VALUES
(1, 'Mikhael John', 'Magcamit', 'Maclang', 'mikhaeljohnmmaclang@gmail.com', '1997-07-02', '591 Miranda Subd Sumapang Matanda Malolos Bulacan\r\nBulacan', 'male', 'Software Engineer', '09350636958', '1', '2023-02-01 11:24:29', '2023-02-01 11:24:29'),
(2, 'Quinelle Joy', 'Pangan', 'Lagman', 'queylagman20@gmail.com', '2000-06-20', NULL, 'female', 'Architect', NULL, '1', '2023-02-01 11:25:06', '2023-02-01 11:25:06'),
(3, 'Admin', NULL, 'Admin', NULL, NULL, NULL, NULL, NULL, NULL, '1', '2023-02-03 22:20:38', '2023-02-03 22:20:38'),
(4, 'Tersa', NULL, 'Aguilar', NULL, NULL, NULL, 'female', NULL, NULL, '1', '2023-02-03 22:20:59', '2023-02-03 22:20:59'),
(5, 'Jimmy & Lally', NULL, 'Arcilla', NULL, NULL, NULL, NULL, NULL, NULL, '1', '2023-02-03 22:21:19', '2023-02-03 22:21:19'),
(6, 'Susan', NULL, 'Ardina', NULL, NULL, NULL, 'female', NULL, NULL, '1', '2023-02-03 22:21:35', '2023-02-03 22:21:35'),
(7, 'Avendaño', NULL, 'Dan & Cristy', NULL, NULL, NULL, NULL, NULL, NULL, '1', '2023-02-03 22:22:04', '2023-02-03 22:22:04'),
(8, 'Bhaby', NULL, 'Bacani', NULL, NULL, NULL, 'female', NULL, NULL, '1', '2023-02-03 22:22:28', '2023-02-03 22:22:28'),
(9, 'Andy & Vien', NULL, 'Baluyut', NULL, NULL, NULL, NULL, NULL, NULL, '1', '2023-02-03 22:22:43', '2023-02-03 22:22:43'),
(10, 'Romeo', NULL, 'Belizario', NULL, NULL, NULL, 'male', NULL, NULL, '1', '2023-02-03 22:23:10', '2023-02-03 22:23:10'),
(11, 'Bong & Carol', NULL, 'Bersamen', NULL, NULL, NULL, NULL, NULL, NULL, '1', '2023-02-03 22:23:37', '2023-02-03 22:23:37'),
(12, 'Carl Jeric', NULL, 'Bersamen', NULL, NULL, NULL, 'male', NULL, NULL, '1', '2023-02-03 22:23:58', '2023-02-03 22:23:58'),
(13, 'Philip Jason', NULL, 'Bersamen', NULL, NULL, NULL, 'male', NULL, NULL, '1', '2023-02-03 22:24:16', '2023-02-03 22:24:16'),
(14, 'CJ & Madel', NULL, 'Bugayong', NULL, NULL, NULL, NULL, NULL, NULL, '1', '2023-02-03 22:24:52', '2023-02-03 22:24:52'),
(15, 'Lesly', NULL, 'Cabauatan', NULL, NULL, NULL, 'female', NULL, NULL, '1', '2023-02-03 22:25:14', '2023-02-03 22:25:14'),
(16, 'Giorgia', NULL, 'Cabauatan', NULL, NULL, NULL, 'female', NULL, NULL, '1', '2023-02-03 22:25:36', '2023-02-03 22:25:36'),
(17, 'Rudolf & Danica', NULL, 'Canlas', NULL, NULL, NULL, NULL, NULL, NULL, '1', '2023-02-03 22:26:06', '2023-02-03 22:26:06'),
(18, 'Ramsy', NULL, 'Cansino', NULL, NULL, NULL, 'male', NULL, NULL, '1', '2023-02-03 22:27:49', '2023-02-03 22:27:49'),
(19, 'Cesar', NULL, 'Carlos', NULL, NULL, NULL, 'male', NULL, NULL, '1', '2023-02-03 22:28:09', '2023-02-03 22:28:09'),
(20, 'Lorna', NULL, 'Carreon', NULL, NULL, NULL, 'female', NULL, NULL, '1', '2023-02-03 22:28:22', '2023-02-03 22:28:22'),
(21, 'Alejandro', NULL, 'Cruz Jr.', NULL, NULL, NULL, 'male', NULL, NULL, '1', '2023-02-03 22:29:08', '2023-02-03 22:29:08'),
(22, 'Andy', NULL, 'Dela Cruz', NULL, NULL, NULL, 'male', NULL, NULL, '1', '2023-02-03 22:30:53', '2023-02-03 22:30:53'),
(23, 'Andy & Maylin', NULL, 'Dela Cruz', NULL, NULL, NULL, NULL, NULL, NULL, '1', '2023-02-03 22:31:12', '2023-02-03 22:31:12'),
(24, 'Malou', NULL, 'Espiritu', NULL, NULL, NULL, 'female', NULL, NULL, '1', '2023-02-03 22:31:53', '2023-02-03 22:31:53'),
(25, 'Roldan', NULL, 'Espiritu', NULL, NULL, NULL, 'male', NULL, NULL, '1', '2023-02-03 22:32:17', '2023-02-03 22:32:17'),
(26, 'Jonathan', NULL, 'Eugenio', NULL, NULL, NULL, 'male', NULL, NULL, '1', '2023-02-03 22:32:37', '2023-02-03 22:32:37'),
(27, 'Violy', NULL, 'Eugenio', NULL, NULL, NULL, 'female', NULL, NULL, '1', '2023-02-03 22:32:55', '2023-02-03 22:32:55'),
(28, 'Freddie & Gemma', NULL, 'Fajardo', NULL, NULL, NULL, NULL, NULL, NULL, '1', '2023-02-03 22:33:48', '2023-02-03 22:33:48'),
(29, 'Ziela', NULL, 'Fajardo', NULL, NULL, NULL, 'female', NULL, NULL, '1', '2023-02-03 22:34:13', '2023-02-03 22:34:13'),
(30, 'Belizario', NULL, 'Family', NULL, NULL, NULL, NULL, NULL, NULL, '1', '2023-02-03 22:34:40', '2023-02-03 22:34:40'),
(31, 'Ptr. Paul', NULL, 'Govindavari', NULL, NULL, NULL, 'male', NULL, NULL, '1', '2023-02-03 22:35:19', '2023-02-03 22:35:19'),
(32, 'Emily', NULL, 'Isip', NULL, NULL, NULL, 'female', NULL, NULL, '1', '2023-02-03 22:35:32', '2023-02-03 22:35:32'),
(33, 'Larry', NULL, 'Lacdao', NULL, NULL, NULL, 'male', NULL, NULL, '1', '2023-02-03 22:35:51', '2023-02-03 22:35:51'),
(34, 'Liel', NULL, 'Lacdao', NULL, NULL, NULL, 'female', NULL, NULL, '1', '2023-02-03 22:36:15', '2023-02-03 22:36:15'),
(35, 'Jonel', NULL, 'Lagman', NULL, NULL, NULL, 'female', NULL, NULL, '1', '2023-02-03 22:36:34', '2023-02-03 22:36:34'),
(36, 'Jules Cedrick', NULL, 'Lagman', NULL, NULL, NULL, 'male', NULL, NULL, '1', '2023-02-03 22:36:55', '2023-02-03 22:36:55'),
(37, 'Kate', NULL, 'Lagman', NULL, NULL, NULL, 'female', NULL, NULL, '1', '2023-02-03 22:37:11', '2023-02-03 22:37:11'),
(38, 'Katrice', NULL, 'Lagman', NULL, NULL, NULL, 'female', NULL, NULL, '1', '2023-02-03 22:37:29', '2023-02-03 22:37:29'),
(39, 'King', NULL, 'Lagman', NULL, NULL, NULL, 'male', NULL, NULL, '1', '2023-02-03 22:37:47', '2023-02-03 22:37:47'),
(40, 'Kyle', NULL, 'Lagman', NULL, NULL, NULL, 'female', NULL, NULL, '1', '2023-02-03 22:38:05', '2023-02-03 22:38:05'),
(41, 'Ptr. Kenneth', NULL, 'Lagman', NULL, NULL, NULL, 'male', NULL, NULL, '1', '2023-02-03 22:45:12', '2023-02-03 22:45:12'),
(42, 'Quin & Grace', NULL, 'Lagman', NULL, NULL, NULL, NULL, NULL, NULL, '1', '2023-02-03 22:45:50', '2023-02-03 22:45:50'),
(43, 'Liel Jay', NULL, 'Trading', NULL, NULL, NULL, NULL, NULL, NULL, '1', '2023-02-03 22:46:10', '2023-02-03 22:46:10'),
(44, 'Grace', NULL, 'Lingo', NULL, NULL, NULL, 'female', NULL, NULL, '1', '2023-02-03 22:46:31', '2023-02-03 22:46:31'),
(45, 'Joshua', NULL, 'Lingo', NULL, NULL, NULL, 'male', NULL, NULL, '1', '2023-02-03 22:46:49', '2023-02-03 22:46:49'),
(46, 'Jurim', NULL, 'Lingo', NULL, NULL, NULL, 'male', NULL, NULL, '1', '2023-02-03 22:47:09', '2023-02-03 22:47:09'),
(47, 'Marivic', NULL, 'Lingo', NULL, NULL, NULL, 'female', NULL, NULL, '1', '2023-02-03 22:47:32', '2023-02-03 22:47:32'),
(48, 'Michelle', NULL, 'Lingo', NULL, NULL, NULL, 'female', NULL, NULL, '1', '2023-02-03 22:47:51', '2023-02-03 22:47:51'),
(49, 'Rufino', NULL, 'Lingo', NULL, NULL, NULL, NULL, NULL, NULL, '1', '2023-02-03 22:48:07', '2023-02-03 22:48:07'),
(50, 'Pinky', NULL, 'Longalong', NULL, NULL, NULL, 'female', NULL, NULL, '1', '2023-02-03 22:49:23', '2023-02-03 22:49:23'),
(51, 'Vicky', NULL, 'Longalong', NULL, NULL, NULL, 'female', NULL, NULL, '1', '2023-02-03 22:49:47', '2023-02-03 22:49:47'),
(52, 'Jenipher', NULL, 'Lorenzo', NULL, NULL, NULL, 'female', NULL, NULL, '1', '2023-02-03 22:50:31', '2023-02-03 22:50:31'),
(53, 'Nathaniel', NULL, 'Lumanog', NULL, NULL, NULL, 'male', NULL, NULL, '1', '2023-02-03 22:50:51', '2023-02-03 22:50:51'),
(54, 'Edwin', NULL, 'Mateo', NULL, NULL, NULL, 'male', NULL, NULL, '1', '2023-02-03 22:51:16', '2023-02-03 22:51:16'),
(55, 'Jocas Joyce', NULL, 'Mijares', NULL, NULL, NULL, 'female', NULL, NULL, '1', '2023-02-03 22:51:28', '2023-02-03 22:51:28'),
(56, 'Arlene', NULL, 'Mundo', NULL, NULL, NULL, 'female', NULL, NULL, '1', '2023-02-03 22:51:46', '2023-02-03 22:51:46'),
(57, 'Marlon & Arlene', NULL, 'Mundo', NULL, NULL, NULL, NULL, NULL, NULL, '1', '2023-02-03 22:52:09', '2023-02-03 22:52:09'),
(58, 'Marlon', NULL, 'Mundo', NULL, NULL, NULL, 'male', NULL, NULL, '1', '2023-02-03 22:53:03', '2023-02-03 22:53:03'),
(59, 'Samuel', NULL, 'Musñgi', NULL, NULL, NULL, 'male', NULL, NULL, '1', '2023-02-03 22:53:20', '2023-02-03 22:53:20'),
(60, 'Lilibeth', NULL, 'Namoco', NULL, NULL, NULL, 'female', NULL, NULL, '1', '2023-02-03 22:53:33', '2023-02-03 22:53:33'),
(61, 'Rachel', NULL, 'Navarro', NULL, NULL, NULL, 'female', NULL, NULL, '1', '2023-02-03 22:54:04', '2023-02-03 22:54:04'),
(62, 'Armando', NULL, 'Osinsao', NULL, NULL, NULL, 'male', NULL, NULL, '1', '2023-02-03 22:54:23', '2023-02-03 22:54:23'),
(63, 'Nena', NULL, 'Pangan', NULL, NULL, NULL, 'female', NULL, NULL, '1', '2023-02-03 22:54:38', '2023-02-03 22:54:38'),
(64, 'Cecille', NULL, 'Pigao', NULL, NULL, NULL, 'female', NULL, NULL, '1', '2023-02-03 22:54:56', '2023-02-03 22:54:56'),
(65, 'Celine', NULL, 'Pigao', NULL, NULL, NULL, 'female', NULL, NULL, '1', '2023-02-03 22:55:15', '2023-02-03 22:55:15'),
(66, 'Caleb John', NULL, 'Rivera', NULL, NULL, NULL, 'male', NULL, NULL, '1', '2023-02-03 22:55:35', '2023-02-03 22:55:35'),
(67, 'Joey & Russ', NULL, 'Rivera', NULL, NULL, NULL, NULL, NULL, NULL, '1', '2023-02-03 22:55:48', '2023-02-03 22:55:48'),
(68, 'Russ', NULL, 'Rivera', NULL, NULL, NULL, NULL, NULL, NULL, '1', '2023-02-03 22:55:56', '2023-02-03 22:55:56'),
(69, 'Evangeline', NULL, 'Santilla', NULL, NULL, NULL, 'female', NULL, NULL, '1', '2023-02-03 22:56:19', '2023-02-03 22:56:19'),
(70, 'Robert', NULL, 'Santilla', NULL, NULL, NULL, 'male', NULL, NULL, '1', '2023-02-03 22:56:41', '2023-02-03 22:56:41'),
(71, 'Herman & Eileen', NULL, 'Santos', NULL, NULL, NULL, NULL, NULL, NULL, '1', '2023-02-03 22:57:02', '2023-02-03 22:57:02'),
(72, 'Dang', NULL, 'Santos', NULL, NULL, NULL, 'female', NULL, NULL, '1', '2023-02-03 22:57:14', '2023-02-03 22:57:14'),
(73, 'Wilfred & Erica', NULL, 'Santos', NULL, NULL, NULL, NULL, NULL, NULL, '1', '2023-02-03 22:57:37', '2023-02-03 22:57:37'),
(74, 'Mari', NULL, 'Serame', NULL, NULL, NULL, 'female', NULL, NULL, '1', '2023-02-03 22:57:51', '2023-02-03 22:57:51'),
(75, 'Castor', NULL, 'Sevilla', NULL, NULL, NULL, 'male', NULL, NULL, '1', '2023-02-03 22:58:02', '2023-02-03 22:58:02'),
(76, 'Bacani', NULL, 'Store', NULL, NULL, NULL, NULL, NULL, NULL, '1', '2023-02-03 22:58:12', '2023-02-03 22:58:12'),
(77, 'Nelma', NULL, 'Torreno', NULL, NULL, NULL, 'female', NULL, NULL, '1', '2023-02-03 22:58:26', '2023-02-03 22:58:26'),
(78, 'Jael', NULL, 'Tubig', NULL, NULL, NULL, 'female', NULL, NULL, '1', '2023-02-03 22:58:44', '2023-02-03 22:58:44'),
(79, 'Jesah', NULL, 'Vigilla', NULL, NULL, NULL, 'female', NULL, NULL, '1', '2023-02-03 22:59:07', '2023-02-03 22:59:07'),
(80, 'Jhayar', NULL, 'Vigilla', NULL, NULL, NULL, 'male', NULL, NULL, '1', '2023-02-03 22:59:25', '2023-02-03 22:59:25'),
(81, 'Sahlee', NULL, 'Vigilla', NULL, NULL, NULL, 'female', NULL, NULL, '1', '2023-02-03 22:59:39', '2023-02-03 22:59:39'),
(82, 'Arturo', NULL, 'Wico', NULL, NULL, NULL, 'male', NULL, NULL, '1', '2023-02-03 23:00:05', '2023-02-03 23:00:05'),
(83, 'Timmy Rose', NULL, 'Bacani', NULL, NULL, NULL, 'female', NULL, NULL, '1', '2023-02-04 00:20:49', '2023-02-04 00:20:49'),
(84, 'Timothy', NULL, 'Bacani', NULL, NULL, NULL, 'male', NULL, NULL, '1', '2023-02-04 00:21:21', '2023-02-04 00:21:21'),
(85, 'Fe', NULL, 'Bagalay', NULL, NULL, NULL, 'female', NULL, NULL, '1', '2023-02-04 00:22:03', '2023-02-04 00:22:03'),
(86, 'Paula Fe', NULL, 'Bagalay', NULL, NULL, NULL, 'female', NULL, NULL, '1', '2023-02-04 00:22:51', '2023-02-04 00:22:51'),
(87, 'Mar', NULL, 'Belizario', NULL, NULL, NULL, 'male', NULL, NULL, '1', '2023-02-04 00:23:24', '2023-02-04 00:23:24'),
(88, 'Adolfo', NULL, 'Bitos', NULL, NULL, NULL, 'male', NULL, NULL, '1', '2023-02-04 00:24:46', '2023-02-04 00:24:46'),
(89, 'Dolly', NULL, 'Carlos', NULL, NULL, NULL, 'female', NULL, NULL, '1', '2023-02-04 00:26:29', '2023-02-04 00:26:29'),
(90, 'Kim', NULL, 'Carreon', NULL, NULL, NULL, 'male', NULL, NULL, '1', '2023-02-04 00:26:58', '2023-02-04 00:26:58'),
(91, 'Donna Mae', NULL, 'Cruz', NULL, NULL, NULL, 'female', NULL, NULL, '1', '2023-02-04 00:27:48', '2023-02-04 00:27:48'),
(92, 'Rosalina', NULL, 'Cruz', NULL, NULL, NULL, 'female', NULL, NULL, '1', '2023-02-04 00:28:08', '2023-02-04 00:28:08'),
(93, 'Cherry Ann', NULL, 'Daquiz', NULL, NULL, NULL, 'female', NULL, NULL, '1', '2023-02-04 00:28:33', '2023-02-04 00:28:33'),
(94, 'Joash', NULL, 'Eugenio', NULL, NULL, NULL, 'male', NULL, NULL, '1', '2023-02-04 00:32:46', '2023-02-04 00:32:46'),
(95, 'Gemma', NULL, 'Fajardo', NULL, NULL, NULL, 'female', NULL, NULL, '1', '2023-02-04 00:34:02', '2023-02-04 00:34:02'),
(96, 'Simple Daquiz', NULL, 'Family', NULL, NULL, NULL, NULL, NULL, NULL, '1', '2023-02-04 00:34:31', '2023-02-04 00:34:31'),
(97, 'Emily', NULL, 'Garcia', NULL, NULL, NULL, 'female', NULL, NULL, '1', '2023-02-04 00:34:59', '2023-02-04 00:34:59'),
(98, 'Lhen', NULL, 'Garcia', NULL, NULL, NULL, 'female', NULL, NULL, '1', '2023-02-04 00:35:29', '2023-02-04 00:35:29'),
(99, 'Mark Jonnel', NULL, 'Garcia', NULL, NULL, NULL, 'male', NULL, NULL, '1', '2023-02-04 00:36:06', '2023-02-04 00:36:06'),
(100, 'Edgar', NULL, 'Jorquia', NULL, NULL, NULL, 'male', NULL, NULL, '1', '2023-02-04 00:37:37', '2023-02-04 00:37:37'),
(101, 'John Darrel', NULL, 'Lagman', NULL, NULL, NULL, 'male', NULL, NULL, '1', '2023-02-04 00:38:09', '2023-02-04 00:38:09'),
(102, 'JM', NULL, 'Lagman', NULL, NULL, NULL, 'female', NULL, NULL, '1', '2023-02-04 00:38:34', '2023-02-04 00:38:34'),
(103, 'King & Kate', NULL, 'Lagman', NULL, NULL, NULL, NULL, NULL, NULL, '1', '2023-02-04 00:40:20', '2023-02-04 00:40:20'),
(104, 'Jes', NULL, 'Lingo', NULL, NULL, NULL, 'male', NULL, NULL, '1', '2023-02-04 01:10:56', '2023-02-04 01:10:56'),
(105, 'CJ & Juvy', NULL, 'Manansala', NULL, NULL, NULL, NULL, NULL, NULL, '1', '2023-02-04 01:14:52', '2023-02-04 01:14:52'),
(106, 'Biblehannah', NULL, 'Mondigo', NULL, NULL, NULL, 'female', NULL, NULL, '1', '2023-02-04 01:15:17', '2023-02-04 01:15:17'),
(107, 'Genesis Mae', NULL, 'Mondigo', NULL, NULL, NULL, 'female', NULL, NULL, '1', '2023-02-04 01:15:53', '2023-02-04 01:15:53'),
(108, 'Lemuel', NULL, 'Mondigo', NULL, NULL, NULL, 'male', NULL, NULL, '1', '2023-02-04 01:16:15', '2023-02-04 01:16:15'),
(109, 'Rap', NULL, 'Navarro', NULL, NULL, NULL, 'male', NULL, NULL, '1', '2023-02-04 01:17:40', '2023-02-04 01:17:40'),
(110, 'Lor & Ruby', NULL, 'Navarro', NULL, NULL, NULL, NULL, NULL, NULL, '1', '2023-02-04 01:18:06', '2023-02-04 01:18:06'),
(111, 'Ruth Lauren', NULL, 'Navarro', NULL, NULL, NULL, 'female', NULL, NULL, '1', '2023-02-04 01:18:57', '2023-02-04 01:18:57'),
(112, 'Maline', NULL, 'Pagdanganan', NULL, NULL, NULL, 'female', NULL, NULL, '1', '2023-02-04 01:19:43', '2023-02-04 01:19:43'),
(113, 'Mark', NULL, 'Quiambao', NULL, NULL, NULL, 'male', NULL, NULL, '1', '2023-02-04 01:20:30', '2023-02-04 01:20:30'),
(114, 'Jocelyn', NULL, 'Santos', NULL, NULL, NULL, 'female', NULL, NULL, '1', '2023-02-04 01:21:47', '2023-02-04 01:21:47'),
(115, 'Lito', NULL, 'Santos', NULL, NULL, NULL, 'male', NULL, NULL, '1', '2023-02-04 01:22:03', '2023-02-04 01:22:03'),
(116, 'Dennis', NULL, 'Tayao', NULL, NULL, NULL, 'male', NULL, NULL, '1', '2023-02-04 01:23:38', '2023-02-04 01:23:38'),
(117, 'Nene', NULL, 'Wico', NULL, NULL, NULL, 'female', NULL, NULL, '1', '2023-02-04 01:27:00', '2023-02-04 01:27:00'),
(118, 'Robert', NULL, 'Ylade', NULL, NULL, NULL, 'male', NULL, NULL, '1', '2023-02-04 01:27:29', '2023-02-04 01:27:29'),
(119, 'Path & Mers', NULL, 'Acopicop', NULL, NULL, NULL, NULL, NULL, NULL, '1', '2023-02-04 09:10:35', '2023-02-04 09:10:35'),
(120, 'Jimmy', NULL, 'Bautista', NULL, NULL, NULL, 'male', NULL, NULL, '1', '2023-02-04 09:14:06', '2023-02-04 09:14:06'),
(121, 'Annalyn', NULL, 'Dela Cruz', NULL, NULL, NULL, 'female', NULL, NULL, '1', '2023-02-04 15:53:00', '2023-02-04 15:53:00'),
(122, 'Gella', NULL, 'Fajardo', NULL, NULL, NULL, 'female', NULL, NULL, '1', '2023-02-04 15:55:07', '2023-02-04 15:55:07'),
(123, 'Raymart', NULL, 'Flores', NULL, NULL, NULL, 'male', NULL, NULL, '1', '2023-02-04 15:56:36', '2023-02-04 15:56:36'),
(124, 'Zach', NULL, 'Flores', NULL, NULL, NULL, 'male', NULL, NULL, '1', '2023-02-04 15:57:03', '2023-02-04 15:57:03'),
(125, 'Maricel', NULL, 'Gimpaya', NULL, NULL, NULL, 'female', NULL, NULL, '1', '2023-02-04 15:57:32', '2023-02-04 15:57:32'),
(126, 'Gina', NULL, 'Graban', NULL, NULL, NULL, 'female', NULL, NULL, '1', '2023-02-04 15:57:59', '2023-02-04 15:57:59'),
(127, 'Candida', NULL, 'Haboc', NULL, NULL, NULL, 'female', NULL, NULL, '1', '2023-02-04 16:08:00', '2023-02-04 16:08:00'),
(128, 'Francis', NULL, 'Haboc', NULL, NULL, NULL, 'male', NULL, NULL, '1', '2023-02-04 16:08:50', '2023-02-04 16:08:50'),
(129, 'Arlene', NULL, 'Isip', NULL, NULL, NULL, 'female', NULL, NULL, '1', '2023-02-04 16:09:21', '2023-02-04 16:09:21'),
(130, 'Leah', NULL, 'Lee', NULL, NULL, NULL, NULL, NULL, NULL, '1', '2023-02-04 16:16:47', '2023-02-04 16:16:47'),
(131, 'Jefrey', NULL, 'Mercado', NULL, NULL, NULL, 'male', NULL, NULL, '1', '2023-02-04 16:19:46', '2023-02-04 16:19:46'),
(132, 'Ana Maria', NULL, 'Mijares', NULL, NULL, NULL, 'female', NULL, NULL, '1', '2023-02-04 16:23:36', '2023-02-04 16:23:36'),
(133, 'Anjelyn', NULL, 'Santos', NULL, NULL, NULL, 'female', NULL, NULL, '1', '2023-02-04 16:26:28', '2023-02-04 16:26:28'),
(134, 'Charlie & Justine', NULL, 'Santos-Dawn', NULL, NULL, NULL, 'female', NULL, NULL, '1', '2023-02-04 16:27:14', '2023-02-04 16:27:14'),
(135, 'Yolanda', NULL, 'Tanoan', NULL, NULL, NULL, 'female', NULL, NULL, '1', '2023-02-04 16:28:40', '2023-02-04 16:28:40'),
(136, 'Lando', NULL, 'Tayao', NULL, NULL, NULL, 'male', NULL, NULL, '1', '2023-02-04 16:29:17', '2023-02-04 16:29:17'),
(137, 'Nelma', NULL, 'Tolentino', NULL, NULL, NULL, 'female', NULL, NULL, '1', '2023-02-04 16:29:49', '2023-02-04 16:29:49'),
(138, 'Xyrill', NULL, 'Tolentino', NULL, NULL, NULL, 'male', NULL, NULL, '1', '2023-02-04 16:30:20', '2023-02-04 16:30:20'),
(139, 'Luz', NULL, 'Torres', NULL, NULL, NULL, 'female', NULL, NULL, '1', '2023-02-04 16:30:49', '2023-02-04 16:30:49'),
(140, 'Isaiah', NULL, 'Wico', NULL, NULL, NULL, 'male', NULL, NULL, '1', '2023-02-04 16:32:49', '2023-02-04 16:32:49');

-- --------------------------------------------------------

--
-- Table structure for table `migrations`
--

CREATE TABLE `migrations` (
  `id` int(10) UNSIGNED NOT NULL,
  `migration` varchar(255) COLLATE utf8mb4_unicode_ci NOT NULL,
  `batch` int(11) NOT NULL
) ENGINE=InnoDB DEFAULT CHARSET=utf8mb4 COLLATE=utf8mb4_unicode_ci;

--
-- Dumping data for table `migrations`
--

INSERT INTO `migrations` (`id`, `migration`, `batch`) VALUES
(1, '2019_12_14_000001_create_personal_access_tokens_table', 1),
(2, '2023_01_29_143831_create_activity_logs_table', 1),
(3, '2023_01_29_143831_create_commitments_table', 1),
(4, '2023_01_29_143831_create_expenses_table', 1),
(5, '2023_01_29_143831_create_failed_jobs_table', 1),
(6, '2023_01_29_143831_create_members_table', 1),
(7, '2023_01_29_143831_create_ministries_table', 1),
(8, '2023_01_29_143831_create_offerings_table', 1),
(9, '2023_01_29_143831_create_password_resets_table', 1),
(10, '2023_01_29_143831_create_services_table', 1),
(11, '2023_01_29_143831_create_transactions_table', 1),
(12, '2023_01_29_143831_create_users_table', 1),
(13, '2023_01_29_143832_add_foreign_keys_to_commitments_table', 1),
(14, '2023_01_29_143832_add_foreign_keys_to_expenses_table', 1),
(15, '2023_01_29_143832_add_foreign_keys_to_offerings_table', 1),
(16, '2023_01_29_143832_add_foreign_keys_to_transactions_table', 1);

-- --------------------------------------------------------

--
-- Table structure for table `ministries`
--

CREATE TABLE `ministries` (
  `id` bigint(20) NOT NULL,
  `name` varchar(255) COLLATE utf8mb4_unicode_ci DEFAULT NULL,
  `funds` double UNSIGNED DEFAULT 0,
  `status` enum('0','1') COLLATE utf8mb4_unicode_ci DEFAULT '1',
  `created_at` timestamp NOT NULL DEFAULT current_timestamp() ON UPDATE current_timestamp(),
  `updated_at` timestamp NOT NULL DEFAULT '0000-00-00 00:00:00'
) ENGINE=InnoDB DEFAULT CHARSET=utf8mb4 COLLATE=utf8mb4_unicode_ci;

--
-- Dumping data for table `ministries`
--

INSERT INTO `ministries` (`id`, `name`, `funds`, `status`, `created_at`, `updated_at`) VALUES
(1, 'Tithe', 95839, '1', '2023-02-04 08:33:16', '2023-02-04 16:33:16'),
(2, 'Offering', 18986.98, '1', '2023-02-04 08:33:16', '2023-02-04 16:33:16'),
(3, 'Firstfruits', 67325, '1', '2023-02-04 08:33:16', '2023-02-04 16:33:16'),
(4, 'Mission', 2665, '1', '2023-02-04 08:33:16', '2023-02-04 16:33:16'),
(5, 'Care', 15455, '1', '2023-02-04 08:33:16', '2023-02-04 16:33:16'),
(6, 'Ladies', 2560, '1', '2023-02-04 08:33:16', '2023-02-04 16:33:16'),
(7, 'Men', 1899, '1', '2023-02-04 08:33:16', '2023-02-04 16:33:16'),
(8, 'Youth', 723, '1', '2023-02-04 08:33:16', '2023-02-04 16:33:16'),
(9, 'Choir', 330, '1', '2023-02-04 08:33:16', '2023-02-04 16:33:16'),
(10, 'Prayer Breakfast', 190, '1', '2023-02-04 08:33:16', '2023-02-04 16:33:16'),
(11, 'Circle of Faith', 50, '1', '2023-02-04 08:33:16', '2023-02-04 16:33:16'),
(12, 'Creative Team', 170, '1', '2023-02-04 08:33:16', '2023-02-04 16:33:16'),
(13, 'DVBS', 90, '1', '2023-02-04 08:33:16', '2023-02-04 16:33:16'),
(14, 'Prison', 515, '1', '2023-02-04 08:33:16', '2023-02-04 16:33:16');

-- --------------------------------------------------------

--
-- Table structure for table `offerings`
--

CREATE TABLE `offerings` (
  `id` bigint(20) NOT NULL,
  `transaction_id` bigint(20) NOT NULL,
  `ministry_id` bigint(20) NOT NULL,
  `amount` double UNSIGNED DEFAULT NULL,
  `created_at` timestamp NOT NULL DEFAULT current_timestamp() ON UPDATE current_timestamp(),
  `updated_at` timestamp NOT NULL DEFAULT '0000-00-00 00:00:00'
) ENGINE=InnoDB DEFAULT CHARSET=utf8mb4 COLLATE=utf8mb4_unicode_ci;

--
-- Dumping data for table `offerings`
--

INSERT INTO `offerings` (`id`, `transaction_id`, `ministry_id`, `amount`, `created_at`, `updated_at`) VALUES
(1, 1, 1, 0, '2023-02-04 00:14:33', '2023-02-04 00:14:33'),
(2, 1, 2, 0, '2023-02-04 00:14:33', '2023-02-04 00:14:33'),
(3, 1, 3, 0, '2023-02-04 00:14:33', '2023-02-04 00:14:33'),
(4, 1, 4, 0, '2023-02-04 00:14:33', '2023-02-04 00:14:33'),
(5, 1, 5, 0, '2023-02-04 00:14:33', '2023-02-04 00:14:33'),
(6, 1, 6, 0, '2023-02-04 00:14:33', '2023-02-04 00:14:33'),
(7, 1, 7, 0, '2023-02-04 00:14:33', '2023-02-04 00:14:33'),
(8, 1, 8, 160, '2023-02-04 00:14:33', '2023-02-04 00:14:33'),
(9, 1, 9, 0, '2023-02-04 00:14:33', '2023-02-04 00:14:33'),
(10, 1, 10, 0, '2023-02-04 00:14:33', '2023-02-04 00:14:33'),
(11, 1, 11, 0, '2023-02-04 00:14:33', '2023-02-04 00:14:33'),
(12, 1, 12, 0, '2023-02-04 00:14:33', '2023-02-04 00:14:33'),
(13, 1, 13, 0, '2023-02-04 00:14:33', '2023-02-04 00:14:33'),
(14, 1, 14, 0, '2023-02-04 00:14:33', '2023-02-04 00:14:33'),
(15, 2, 1, 0, '2023-02-04 00:14:54', '2023-02-04 00:14:54'),
(16, 2, 2, 0, '2023-02-04 00:14:54', '2023-02-04 00:14:54'),
(17, 2, 3, 0, '2023-02-04 00:14:54', '2023-02-04 00:14:54'),
(18, 2, 4, 0, '2023-02-04 00:14:54', '2023-02-04 00:14:54'),
(19, 2, 5, 1410, '2023-02-04 00:14:54', '2023-02-04 00:14:54'),
(20, 2, 6, 0, '2023-02-04 00:14:54', '2023-02-04 00:14:54'),
(21, 2, 7, 0, '2023-02-04 00:14:54', '2023-02-04 00:14:54'),
(22, 2, 8, 0, '2023-02-04 00:14:54', '2023-02-04 00:14:54'),
(23, 2, 9, 0, '2023-02-04 00:14:54', '2023-02-04 00:14:54'),
(24, 2, 10, 0, '2023-02-04 00:14:54', '2023-02-04 00:14:54'),
(25, 2, 11, 0, '2023-02-04 00:14:54', '2023-02-04 00:14:54'),
(26, 2, 12, 0, '2023-02-04 00:14:54', '2023-02-04 00:14:54'),
(27, 2, 13, 0, '2023-02-04 00:14:54', '2023-02-04 00:14:54'),
(28, 2, 14, 0, '2023-02-04 00:14:54', '2023-02-04 00:14:54'),
(29, 3, 1, 1000, '2023-02-04 00:15:11', '2023-02-04 00:15:11'),
(30, 3, 2, 0, '2023-02-04 00:15:11', '2023-02-04 00:15:11'),
(31, 3, 3, 0, '2023-02-04 00:15:11', '2023-02-04 00:15:11'),
(32, 3, 4, 0, '2023-02-04 00:15:11', '2023-02-04 00:15:11'),
(33, 3, 5, 0, '2023-02-04 00:15:11', '2023-02-04 00:15:11'),
(34, 3, 6, 0, '2023-02-04 00:15:11', '2023-02-04 00:15:11'),
(35, 3, 7, 0, '2023-02-04 00:15:11', '2023-02-04 00:15:11'),
(36, 3, 8, 0, '2023-02-04 00:15:11', '2023-02-04 00:15:11'),
(37, 3, 9, 0, '2023-02-04 00:15:11', '2023-02-04 00:15:11'),
(38, 3, 10, 0, '2023-02-04 00:15:11', '2023-02-04 00:15:11'),
(39, 3, 11, 0, '2023-02-04 00:15:11', '2023-02-04 00:15:11'),
(40, 3, 12, 0, '2023-02-04 00:15:11', '2023-02-04 00:15:11'),
(41, 3, 13, 0, '2023-02-04 00:15:11', '2023-02-04 00:15:11'),
(42, 3, 14, 0, '2023-02-04 00:15:11', '2023-02-04 00:15:11'),
(43, 4, 1, 0, '2023-02-04 00:19:08', '2023-02-04 00:19:08'),
(44, 4, 2, 0, '2023-02-04 00:19:08', '2023-02-04 00:19:08'),
(45, 4, 3, 0, '2023-02-04 00:19:08', '2023-02-04 00:19:08'),
(46, 4, 4, 0, '2023-02-04 00:19:08', '2023-02-04 00:19:08'),
(47, 4, 5, 0, '2023-02-04 00:19:08', '2023-02-04 00:19:08'),
(48, 4, 6, 0, '2023-02-04 00:19:08', '2023-02-04 00:19:08'),
(49, 4, 7, 679, '2023-02-04 00:19:08', '2023-02-04 00:19:08'),
(50, 4, 8, 0, '2023-02-04 00:19:08', '2023-02-04 00:19:08'),
(51, 4, 9, 0, '2023-02-04 00:19:08', '2023-02-04 00:19:08'),
(52, 4, 10, 0, '2023-02-04 00:19:08', '2023-02-04 00:19:08'),
(53, 4, 11, 0, '2023-02-04 00:19:08', '2023-02-04 00:19:08'),
(54, 4, 12, 0, '2023-02-04 00:19:08', '2023-02-04 00:19:08'),
(55, 4, 13, 0, '2023-02-04 00:19:08', '2023-02-04 00:19:08'),
(56, 4, 14, 0, '2023-02-04 00:19:08', '2023-02-04 00:19:08'),
(57, 5, 1, 0, '2023-02-04 00:19:29', '2023-02-04 00:19:29'),
(58, 5, 2, 2710, '2023-02-04 00:19:29', '2023-02-04 00:19:29'),
(59, 5, 3, 0, '2023-02-04 00:19:29', '2023-02-04 00:19:29'),
(60, 5, 4, 0, '2023-02-04 00:19:29', '2023-02-04 00:19:29'),
(61, 5, 5, 0, '2023-02-04 00:19:29', '2023-02-04 00:19:29'),
(62, 5, 6, 0, '2023-02-04 00:19:29', '2023-02-04 00:19:29'),
(63, 5, 7, 0, '2023-02-04 00:19:29', '2023-02-04 00:19:29'),
(64, 5, 8, 0, '2023-02-04 00:19:29', '2023-02-04 00:19:29'),
(65, 5, 9, 0, '2023-02-04 00:19:29', '2023-02-04 00:19:29'),
(66, 5, 10, 0, '2023-02-04 00:19:29', '2023-02-04 00:19:29'),
(67, 5, 11, 0, '2023-02-04 00:19:29', '2023-02-04 00:19:29'),
(68, 5, 12, 0, '2023-02-04 00:19:29', '2023-02-04 00:19:29'),
(69, 5, 13, 0, '2023-02-04 00:19:29', '2023-02-04 00:19:29'),
(70, 5, 14, 0, '2023-02-04 00:19:29', '2023-02-04 00:19:29'),
(71, 6, 1, 100, '2023-02-04 00:19:50', '2023-02-04 00:19:50'),
(72, 6, 2, 100, '2023-02-04 00:19:50', '2023-02-04 00:19:50'),
(73, 6, 3, 0, '2023-02-04 00:19:50', '2023-02-04 00:19:50'),
(74, 6, 4, 0, '2023-02-04 00:19:50', '2023-02-04 00:19:50'),
(75, 6, 5, 0, '2023-02-04 00:19:50', '2023-02-04 00:19:50'),
(76, 6, 6, 0, '2023-02-04 00:19:50', '2023-02-04 00:19:50'),
(77, 6, 7, 0, '2023-02-04 00:19:50', '2023-02-04 00:19:50'),
(78, 6, 8, 0, '2023-02-04 00:19:50', '2023-02-04 00:19:50'),
(79, 6, 9, 0, '2023-02-04 00:19:50', '2023-02-04 00:19:50'),
(80, 6, 10, 0, '2023-02-04 00:19:50', '2023-02-04 00:19:50'),
(81, 6, 11, 0, '2023-02-04 00:19:50', '2023-02-04 00:19:50'),
(82, 6, 12, 0, '2023-02-04 00:19:50', '2023-02-04 00:19:50'),
(83, 6, 13, 0, '2023-02-04 00:19:50', '2023-02-04 00:19:50'),
(84, 6, 14, 0, '2023-02-04 00:19:50', '2023-02-04 00:19:50'),
(85, 7, 1, 450, '2023-02-04 00:20:29', '2023-02-04 00:20:29'),
(86, 7, 2, 50, '2023-02-04 00:20:29', '2023-02-04 00:20:29'),
(87, 7, 3, 100, '2023-02-04 00:20:29', '2023-02-04 00:20:29'),
(88, 7, 4, 0, '2023-02-04 00:20:29', '2023-02-04 00:20:29'),
(89, 7, 5, 0, '2023-02-04 00:20:29', '2023-02-04 00:20:29'),
(90, 7, 6, 0, '2023-02-04 00:20:29', '2023-02-04 00:20:29'),
(91, 7, 7, 0, '2023-02-04 00:20:29', '2023-02-04 00:20:29'),
(92, 7, 8, 0, '2023-02-04 00:20:29', '2023-02-04 00:20:29'),
(93, 7, 9, 0, '2023-02-04 00:20:29', '2023-02-04 00:20:29'),
(94, 7, 10, 0, '2023-02-04 00:20:29', '2023-02-04 00:20:29'),
(95, 7, 11, 0, '2023-02-04 00:20:29', '2023-02-04 00:20:29'),
(96, 7, 12, 0, '2023-02-04 00:20:29', '2023-02-04 00:20:29'),
(97, 7, 13, 0, '2023-02-04 00:20:29', '2023-02-04 00:20:29'),
(98, 7, 14, 0, '2023-02-04 00:20:29', '2023-02-04 00:20:29'),
(99, 8, 1, 200, '2023-02-04 00:21:01', '2023-02-04 00:21:01'),
(100, 8, 2, 0, '2023-02-04 00:21:01', '2023-02-04 00:21:01'),
(101, 8, 3, 0, '2023-02-04 00:21:01', '2023-02-04 00:21:01'),
(102, 8, 4, 0, '2023-02-04 00:21:01', '2023-02-04 00:21:01'),
(103, 8, 5, 0, '2023-02-04 00:21:01', '2023-02-04 00:21:01'),
(104, 8, 6, 0, '2023-02-04 00:21:01', '2023-02-04 00:21:01'),
(105, 8, 7, 0, '2023-02-04 00:21:01', '2023-02-04 00:21:01'),
(106, 8, 8, 0, '2023-02-04 00:21:01', '2023-02-04 00:21:01'),
(107, 8, 9, 0, '2023-02-04 00:21:01', '2023-02-04 00:21:01'),
(108, 8, 10, 0, '2023-02-04 00:21:01', '2023-02-04 00:21:01'),
(109, 8, 11, 0, '2023-02-04 00:21:01', '2023-02-04 00:21:01'),
(110, 8, 12, 0, '2023-02-04 00:21:01', '2023-02-04 00:21:01'),
(111, 8, 13, 0, '2023-02-04 00:21:01', '2023-02-04 00:21:01'),
(112, 8, 14, 0, '2023-02-04 00:21:01', '2023-02-04 00:21:01'),
(113, 9, 1, 0, '2023-02-04 00:21:47', '2023-02-04 00:21:47'),
(114, 9, 2, 200, '2023-02-04 00:21:47', '2023-02-04 00:21:47'),
(115, 9, 3, 0, '2023-02-04 00:21:47', '2023-02-04 00:21:47'),
(116, 9, 4, 200, '2023-02-04 00:21:47', '2023-02-04 00:21:47'),
(117, 9, 5, 0, '2023-02-04 00:21:47', '2023-02-04 00:21:47'),
(118, 9, 6, 0, '2023-02-04 00:21:47', '2023-02-04 00:21:47'),
(119, 9, 7, 0, '2023-02-04 00:21:47', '2023-02-04 00:21:47'),
(120, 9, 8, 0, '2023-02-04 00:21:47', '2023-02-04 00:21:47'),
(121, 9, 9, 0, '2023-02-04 00:21:47', '2023-02-04 00:21:47'),
(122, 9, 10, 100, '2023-02-04 00:21:47', '2023-02-04 00:21:47'),
(123, 9, 11, 0, '2023-02-04 00:21:47', '2023-02-04 00:21:47'),
(124, 9, 12, 0, '2023-02-04 00:21:47', '2023-02-04 00:21:47'),
(125, 9, 13, 0, '2023-02-04 00:21:47', '2023-02-04 00:21:47'),
(126, 9, 14, 0, '2023-02-04 00:21:47', '2023-02-04 00:21:47'),
(127, 10, 1, 0, '2023-02-04 00:22:28', '2023-02-04 00:22:28'),
(128, 10, 2, 500, '2023-02-04 00:22:28', '2023-02-04 00:22:28'),
(129, 10, 3, 0, '2023-02-04 00:22:28', '2023-02-04 00:22:28'),
(130, 10, 4, 0, '2023-02-04 00:22:28', '2023-02-04 00:22:28'),
(131, 10, 5, 0, '2023-02-04 00:22:28', '2023-02-04 00:22:28'),
(132, 10, 6, 0, '2023-02-04 00:22:28', '2023-02-04 00:22:28'),
(133, 10, 7, 0, '2023-02-04 00:22:28', '2023-02-04 00:22:28'),
(134, 10, 8, 0, '2023-02-04 00:22:28', '2023-02-04 00:22:28'),
(135, 10, 9, 0, '2023-02-04 00:22:28', '2023-02-04 00:22:28'),
(136, 10, 10, 0, '2023-02-04 00:22:28', '2023-02-04 00:22:28'),
(137, 10, 11, 0, '2023-02-04 00:22:28', '2023-02-04 00:22:28'),
(138, 10, 12, 0, '2023-02-04 00:22:28', '2023-02-04 00:22:28'),
(139, 10, 13, 0, '2023-02-04 00:22:28', '2023-02-04 00:22:28'),
(140, 10, 14, 0, '2023-02-04 00:22:28', '2023-02-04 00:22:28'),
(141, 11, 1, 50, '2023-02-04 00:23:06', '2023-02-04 00:23:06'),
(142, 11, 2, 0, '2023-02-04 00:23:06', '2023-02-04 00:23:06'),
(143, 11, 3, 0, '2023-02-04 00:23:06', '2023-02-04 00:23:06'),
(144, 11, 4, 0, '2023-02-04 00:23:06', '2023-02-04 00:23:06'),
(145, 11, 5, 0, '2023-02-04 00:23:06', '2023-02-04 00:23:06'),
(146, 11, 6, 0, '2023-02-04 00:23:06', '2023-02-04 00:23:06'),
(147, 11, 7, 0, '2023-02-04 00:23:06', '2023-02-04 00:23:06'),
(148, 11, 8, 0, '2023-02-04 00:23:06', '2023-02-04 00:23:06'),
(149, 11, 9, 0, '2023-02-04 00:23:06', '2023-02-04 00:23:06'),
(150, 11, 10, 0, '2023-02-04 00:23:06', '2023-02-04 00:23:06'),
(151, 11, 11, 0, '2023-02-04 00:23:06', '2023-02-04 00:23:06'),
(152, 11, 12, 0, '2023-02-04 00:23:06', '2023-02-04 00:23:06'),
(153, 11, 13, 0, '2023-02-04 00:23:06', '2023-02-04 00:23:06'),
(154, 11, 14, 0, '2023-02-04 00:23:06', '2023-02-04 00:23:06'),
(155, 12, 1, 1000, '2023-02-04 00:23:33', '2023-02-04 00:23:33'),
(156, 12, 2, 0, '2023-02-04 00:23:33', '2023-02-04 00:23:33'),
(157, 12, 3, 0, '2023-02-04 00:23:33', '2023-02-04 00:23:33'),
(158, 12, 4, 0, '2023-02-04 00:23:33', '2023-02-04 00:23:33'),
(159, 12, 5, 0, '2023-02-04 00:23:33', '2023-02-04 00:23:33'),
(160, 12, 6, 0, '2023-02-04 00:23:33', '2023-02-04 00:23:33'),
(161, 12, 7, 0, '2023-02-04 00:23:33', '2023-02-04 00:23:33'),
(162, 12, 8, 0, '2023-02-04 00:23:33', '2023-02-04 00:23:33'),
(163, 12, 9, 0, '2023-02-04 00:23:33', '2023-02-04 00:23:33'),
(164, 12, 10, 0, '2023-02-04 00:23:33', '2023-02-04 00:23:33'),
(165, 12, 11, 0, '2023-02-04 00:23:33', '2023-02-04 00:23:33'),
(166, 12, 12, 0, '2023-02-04 00:23:33', '2023-02-04 00:23:33'),
(167, 12, 13, 0, '2023-02-04 00:23:33', '2023-02-04 00:23:33'),
(168, 12, 14, 0, '2023-02-04 00:23:33', '2023-02-04 00:23:33'),
(169, 13, 1, 300, '2023-02-04 00:23:59', '2023-02-04 00:23:59'),
(170, 13, 2, 100, '2023-02-04 00:23:59', '2023-02-04 00:23:59'),
(171, 13, 3, 100, '2023-02-04 00:23:59', '2023-02-04 00:23:59'),
(172, 13, 4, 50, '2023-02-04 00:23:59', '2023-02-04 00:23:59'),
(173, 13, 5, 50, '2023-02-04 00:23:59', '2023-02-04 00:23:59'),
(174, 13, 6, 0, '2023-02-04 00:23:59', '2023-02-04 00:23:59'),
(175, 13, 7, 0, '2023-02-04 00:23:59', '2023-02-04 00:23:59'),
(176, 13, 8, 0, '2023-02-04 00:23:59', '2023-02-04 00:23:59'),
(177, 13, 9, 0, '2023-02-04 00:23:59', '2023-02-04 00:23:59'),
(178, 13, 10, 0, '2023-02-04 00:23:59', '2023-02-04 00:23:59'),
(179, 13, 11, 0, '2023-02-04 00:23:59', '2023-02-04 00:23:59'),
(180, 13, 12, 0, '2023-02-04 00:23:59', '2023-02-04 00:23:59'),
(181, 13, 13, 0, '2023-02-04 00:23:59', '2023-02-04 00:23:59'),
(182, 13, 14, 0, '2023-02-04 00:23:59', '2023-02-04 00:23:59'),
(183, 14, 1, 240, '2023-02-04 00:24:57', '2023-02-04 00:24:57'),
(184, 14, 2, 70, '2023-02-04 00:24:57', '2023-02-04 00:24:57'),
(185, 14, 3, 0, '2023-02-04 00:24:57', '2023-02-04 00:24:57'),
(186, 14, 4, 0, '2023-02-04 00:24:57', '2023-02-04 00:24:57'),
(187, 14, 5, 0, '2023-02-04 00:24:57', '2023-02-04 00:24:57'),
(188, 14, 6, 0, '2023-02-04 00:24:57', '2023-02-04 00:24:57'),
(189, 14, 7, 0, '2023-02-04 00:24:57', '2023-02-04 00:24:57'),
(190, 14, 8, 0, '2023-02-04 00:24:57', '2023-02-04 00:24:57'),
(191, 14, 9, 0, '2023-02-04 00:24:57', '2023-02-04 00:24:57'),
(192, 14, 10, 0, '2023-02-04 00:24:57', '2023-02-04 00:24:57'),
(193, 14, 11, 0, '2023-02-04 00:24:57', '2023-02-04 00:24:57'),
(194, 14, 12, 0, '2023-02-04 00:24:57', '2023-02-04 00:24:57'),
(195, 14, 13, 0, '2023-02-04 00:24:57', '2023-02-04 00:24:57'),
(196, 14, 14, 0, '2023-02-04 00:24:57', '2023-02-04 00:24:57'),
(197, 15, 1, 0, '2023-02-04 00:25:50', '2023-02-04 00:25:50'),
(198, 15, 2, 0, '2023-02-04 00:25:50', '2023-02-04 00:25:50'),
(199, 15, 3, 0, '2023-02-04 00:25:50', '2023-02-04 00:25:50'),
(200, 15, 4, 50, '2023-02-04 00:25:50', '2023-02-04 00:25:50'),
(201, 15, 5, 0, '2023-02-04 00:25:50', '2023-02-04 00:25:50'),
(202, 15, 6, 0, '2023-02-04 00:25:50', '2023-02-04 00:25:50'),
(203, 15, 7, 0, '2023-02-04 00:25:50', '2023-02-04 00:25:50'),
(204, 15, 8, 0, '2023-02-04 00:25:50', '2023-02-04 00:25:50'),
(205, 15, 9, 0, '2023-02-04 00:25:50', '2023-02-04 00:25:50'),
(206, 15, 10, 0, '2023-02-04 00:25:50', '2023-02-04 00:25:50'),
(207, 15, 11, 0, '2023-02-04 00:25:50', '2023-02-04 00:25:50'),
(208, 15, 12, 0, '2023-02-04 00:25:50', '2023-02-04 00:25:50'),
(209, 15, 13, 0, '2023-02-04 00:25:50', '2023-02-04 00:25:50'),
(210, 15, 14, 0, '2023-02-04 00:25:50', '2023-02-04 00:25:50'),
(211, 16, 1, 0, '2023-02-04 00:26:14', '2023-02-04 00:26:14'),
(212, 16, 2, 20, '2023-02-04 00:26:14', '2023-02-04 00:26:14'),
(213, 16, 3, 30, '2023-02-04 00:26:14', '2023-02-04 00:26:14'),
(214, 16, 4, 0, '2023-02-04 00:26:14', '2023-02-04 00:26:14'),
(215, 16, 5, 0, '2023-02-04 00:26:14', '2023-02-04 00:26:14'),
(216, 16, 6, 0, '2023-02-04 00:26:14', '2023-02-04 00:26:14'),
(217, 16, 7, 0, '2023-02-04 00:26:14', '2023-02-04 00:26:14'),
(218, 16, 8, 0, '2023-02-04 00:26:14', '2023-02-04 00:26:14'),
(219, 16, 9, 0, '2023-02-04 00:26:14', '2023-02-04 00:26:14'),
(220, 16, 10, 0, '2023-02-04 00:26:14', '2023-02-04 00:26:14'),
(221, 16, 11, 0, '2023-02-04 00:26:14', '2023-02-04 00:26:14'),
(222, 16, 12, 0, '2023-02-04 00:26:14', '2023-02-04 00:26:14'),
(223, 16, 13, 0, '2023-02-04 00:26:14', '2023-02-04 00:26:14'),
(224, 16, 14, 0, '2023-02-04 00:26:14', '2023-02-04 00:26:14'),
(225, 17, 1, 150, '2023-02-04 00:26:37', '2023-02-04 00:26:37'),
(226, 17, 2, 0, '2023-02-04 00:26:37', '2023-02-04 00:26:37'),
(227, 17, 3, 0, '2023-02-04 00:26:37', '2023-02-04 00:26:37'),
(228, 17, 4, 0, '2023-02-04 00:26:37', '2023-02-04 00:26:37'),
(229, 17, 5, 0, '2023-02-04 00:26:37', '2023-02-04 00:26:37'),
(230, 17, 6, 0, '2023-02-04 00:26:37', '2023-02-04 00:26:37'),
(231, 17, 7, 0, '2023-02-04 00:26:37', '2023-02-04 00:26:37'),
(232, 17, 8, 0, '2023-02-04 00:26:37', '2023-02-04 00:26:37'),
(233, 17, 9, 0, '2023-02-04 00:26:37', '2023-02-04 00:26:37'),
(234, 17, 10, 0, '2023-02-04 00:26:37', '2023-02-04 00:26:37'),
(235, 17, 11, 0, '2023-02-04 00:26:37', '2023-02-04 00:26:37'),
(236, 17, 12, 0, '2023-02-04 00:26:37', '2023-02-04 00:26:37'),
(237, 17, 13, 0, '2023-02-04 00:26:37', '2023-02-04 00:26:37'),
(238, 17, 14, 0, '2023-02-04 00:26:37', '2023-02-04 00:26:37'),
(239, 18, 1, 0, '2023-02-04 00:27:06', '2023-02-04 00:27:06'),
(240, 18, 2, 100, '2023-02-04 00:27:06', '2023-02-04 00:27:06'),
(241, 18, 3, 0, '2023-02-04 00:27:06', '2023-02-04 00:27:06'),
(242, 18, 4, 0, '2023-02-04 00:27:06', '2023-02-04 00:27:06'),
(243, 18, 5, 0, '2023-02-04 00:27:06', '2023-02-04 00:27:06'),
(244, 18, 6, 0, '2023-02-04 00:27:06', '2023-02-04 00:27:06'),
(245, 18, 7, 0, '2023-02-04 00:27:06', '2023-02-04 00:27:06'),
(246, 18, 8, 0, '2023-02-04 00:27:06', '2023-02-04 00:27:06'),
(247, 18, 9, 0, '2023-02-04 00:27:06', '2023-02-04 00:27:06'),
(248, 18, 10, 0, '2023-02-04 00:27:06', '2023-02-04 00:27:06'),
(249, 18, 11, 0, '2023-02-04 00:27:06', '2023-02-04 00:27:06'),
(250, 18, 12, 0, '2023-02-04 00:27:06', '2023-02-04 00:27:06'),
(251, 18, 13, 0, '2023-02-04 00:27:06', '2023-02-04 00:27:06'),
(252, 18, 14, 0, '2023-02-04 00:27:06', '2023-02-04 00:27:06'),
(253, 19, 1, 0, '2023-02-04 00:27:19', '2023-02-04 00:27:19'),
(254, 19, 2, 100, '2023-02-04 00:27:19', '2023-02-04 00:27:19'),
(255, 19, 3, 0, '2023-02-04 00:27:19', '2023-02-04 00:27:19'),
(256, 19, 4, 0, '2023-02-04 00:27:19', '2023-02-04 00:27:19'),
(257, 19, 5, 0, '2023-02-04 00:27:19', '2023-02-04 00:27:19'),
(258, 19, 6, 0, '2023-02-04 00:27:19', '2023-02-04 00:27:19'),
(259, 19, 7, 0, '2023-02-04 00:27:19', '2023-02-04 00:27:19'),
(260, 19, 8, 0, '2023-02-04 00:27:19', '2023-02-04 00:27:19'),
(261, 19, 9, 0, '2023-02-04 00:27:19', '2023-02-04 00:27:19'),
(262, 19, 10, 0, '2023-02-04 00:27:19', '2023-02-04 00:27:19'),
(263, 19, 11, 0, '2023-02-04 00:27:19', '2023-02-04 00:27:19'),
(264, 19, 12, 0, '2023-02-04 00:27:19', '2023-02-04 00:27:19'),
(265, 19, 13, 0, '2023-02-04 00:27:19', '2023-02-04 00:27:19'),
(266, 19, 14, 0, '2023-02-04 00:27:19', '2023-02-04 00:27:19'),
(267, 20, 1, 200, '2023-02-04 00:27:33', '2023-02-04 00:27:33'),
(268, 20, 2, 0, '2023-02-04 00:27:33', '2023-02-04 00:27:33'),
(269, 20, 3, 0, '2023-02-04 00:27:33', '2023-02-04 00:27:33'),
(270, 20, 4, 0, '2023-02-04 00:27:33', '2023-02-04 00:27:33'),
(271, 20, 5, 0, '2023-02-04 00:27:33', '2023-02-04 00:27:33'),
(272, 20, 6, 0, '2023-02-04 00:27:33', '2023-02-04 00:27:33'),
(273, 20, 7, 0, '2023-02-04 00:27:33', '2023-02-04 00:27:33'),
(274, 20, 8, 0, '2023-02-04 00:27:33', '2023-02-04 00:27:33'),
(275, 20, 9, 0, '2023-02-04 00:27:33', '2023-02-04 00:27:33'),
(276, 20, 10, 0, '2023-02-04 00:27:33', '2023-02-04 00:27:33'),
(277, 20, 11, 0, '2023-02-04 00:27:33', '2023-02-04 00:27:33'),
(278, 20, 12, 0, '2023-02-04 00:27:33', '2023-02-04 00:27:33'),
(279, 20, 13, 0, '2023-02-04 00:27:33', '2023-02-04 00:27:33'),
(280, 20, 14, 0, '2023-02-04 00:27:33', '2023-02-04 00:27:33'),
(281, 21, 1, 50, '2023-02-04 00:27:56', '2023-02-04 00:27:56'),
(282, 21, 2, 0, '2023-02-04 00:27:56', '2023-02-04 00:27:56'),
(283, 21, 3, 0, '2023-02-04 00:27:56', '2023-02-04 00:27:56'),
(284, 21, 4, 0, '2023-02-04 00:27:56', '2023-02-04 00:27:56'),
(285, 21, 5, 0, '2023-02-04 00:27:56', '2023-02-04 00:27:56'),
(286, 21, 6, 0, '2023-02-04 00:27:56', '2023-02-04 00:27:56'),
(287, 21, 7, 0, '2023-02-04 00:27:56', '2023-02-04 00:27:56'),
(288, 21, 8, 0, '2023-02-04 00:27:56', '2023-02-04 00:27:56'),
(289, 21, 9, 0, '2023-02-04 00:27:56', '2023-02-04 00:27:56'),
(290, 21, 10, 0, '2023-02-04 00:27:56', '2023-02-04 00:27:56'),
(291, 21, 11, 0, '2023-02-04 00:27:56', '2023-02-04 00:27:56'),
(292, 21, 12, 0, '2023-02-04 00:27:56', '2023-02-04 00:27:56'),
(293, 21, 13, 0, '2023-02-04 00:27:56', '2023-02-04 00:27:56'),
(294, 21, 14, 0, '2023-02-04 00:27:56', '2023-02-04 00:27:56'),
(295, 22, 1, 0, '2023-02-04 00:28:16', '2023-02-04 00:28:16'),
(296, 22, 2, 100, '2023-02-04 00:28:16', '2023-02-04 00:28:16'),
(297, 22, 3, 0, '2023-02-04 00:28:16', '2023-02-04 00:28:16'),
(298, 22, 4, 0, '2023-02-04 00:28:16', '2023-02-04 00:28:16'),
(299, 22, 5, 0, '2023-02-04 00:28:16', '2023-02-04 00:28:16'),
(300, 22, 6, 0, '2023-02-04 00:28:16', '2023-02-04 00:28:16'),
(301, 22, 7, 0, '2023-02-04 00:28:16', '2023-02-04 00:28:16'),
(302, 22, 8, 0, '2023-02-04 00:28:16', '2023-02-04 00:28:16'),
(303, 22, 9, 0, '2023-02-04 00:28:16', '2023-02-04 00:28:16'),
(304, 22, 10, 0, '2023-02-04 00:28:16', '2023-02-04 00:28:16'),
(305, 22, 11, 0, '2023-02-04 00:28:16', '2023-02-04 00:28:16'),
(306, 22, 12, 0, '2023-02-04 00:28:16', '2023-02-04 00:28:16'),
(307, 22, 13, 0, '2023-02-04 00:28:16', '2023-02-04 00:28:16'),
(308, 22, 14, 0, '2023-02-04 00:28:16', '2023-02-04 00:28:16'),
(309, 23, 1, 50, '2023-02-04 00:30:19', '2023-02-04 00:30:19'),
(310, 23, 2, 0, '2023-02-04 00:30:19', '2023-02-04 00:30:19'),
(311, 23, 3, 0, '2023-02-04 00:30:19', '2023-02-04 00:30:19'),
(312, 23, 4, 0, '2023-02-04 00:30:19', '2023-02-04 00:30:19'),
(313, 23, 5, 0, '2023-02-04 00:30:19', '2023-02-04 00:30:19'),
(314, 23, 6, 0, '2023-02-04 00:30:19', '2023-02-04 00:30:19'),
(315, 23, 7, 0, '2023-02-04 00:30:19', '2023-02-04 00:30:19'),
(316, 23, 8, 0, '2023-02-04 00:30:19', '2023-02-04 00:30:19'),
(317, 23, 9, 0, '2023-02-04 00:30:19', '2023-02-04 00:30:19'),
(318, 23, 10, 0, '2023-02-04 00:30:19', '2023-02-04 00:30:19'),
(319, 23, 11, 0, '2023-02-04 00:30:19', '2023-02-04 00:30:19'),
(320, 23, 12, 0, '2023-02-04 00:30:19', '2023-02-04 00:30:19'),
(321, 23, 13, 0, '2023-02-04 00:30:19', '2023-02-04 00:30:19'),
(322, 23, 14, 0, '2023-02-04 00:30:19', '2023-02-04 00:30:19'),
(323, 24, 1, 1000, '2023-02-04 00:32:28', '2023-02-04 00:32:28'),
(324, 24, 2, 0, '2023-02-04 00:32:28', '2023-02-04 00:32:28'),
(325, 24, 3, 0, '2023-02-04 00:32:28', '2023-02-04 00:32:28'),
(326, 24, 4, 0, '2023-02-04 00:32:28', '2023-02-04 00:32:28'),
(327, 24, 5, 0, '2023-02-04 00:32:28', '2023-02-04 00:32:28'),
(328, 24, 6, 0, '2023-02-04 00:32:28', '2023-02-04 00:32:28'),
(329, 24, 7, 0, '2023-02-04 00:32:28', '2023-02-04 00:32:28'),
(330, 24, 8, 0, '2023-02-04 00:32:28', '2023-02-04 00:32:28'),
(331, 24, 9, 0, '2023-02-04 00:32:28', '2023-02-04 00:32:28'),
(332, 24, 10, 0, '2023-02-04 00:32:28', '2023-02-04 00:32:28'),
(333, 24, 11, 0, '2023-02-04 00:32:28', '2023-02-04 00:32:28'),
(334, 24, 12, 0, '2023-02-04 00:32:28', '2023-02-04 00:32:28'),
(335, 24, 13, 0, '2023-02-04 00:32:28', '2023-02-04 00:32:28'),
(336, 24, 14, 0, '2023-02-04 00:32:28', '2023-02-04 00:32:28'),
(337, 25, 1, 150, '2023-02-04 00:33:01', '2023-02-04 00:33:01'),
(338, 25, 2, 50, '2023-02-04 00:33:01', '2023-02-04 00:33:01'),
(339, 25, 3, 0, '2023-02-04 00:33:01', '2023-02-04 00:33:01'),
(340, 25, 4, 0, '2023-02-04 00:33:01', '2023-02-04 00:33:01'),
(341, 25, 5, 0, '2023-02-04 00:33:01', '2023-02-04 00:33:01'),
(342, 25, 6, 0, '2023-02-04 00:33:01', '2023-02-04 00:33:01'),
(343, 25, 7, 0, '2023-02-04 00:33:01', '2023-02-04 00:33:01'),
(344, 25, 8, 0, '2023-02-04 00:33:01', '2023-02-04 00:33:01'),
(345, 25, 9, 0, '2023-02-04 00:33:01', '2023-02-04 00:33:01'),
(346, 25, 10, 0, '2023-02-04 00:33:01', '2023-02-04 00:33:01'),
(347, 25, 11, 0, '2023-02-04 00:33:01', '2023-02-04 00:33:01'),
(348, 25, 12, 0, '2023-02-04 00:33:01', '2023-02-04 00:33:01'),
(349, 25, 13, 0, '2023-02-04 00:33:01', '2023-02-04 00:33:01'),
(350, 25, 14, 0, '2023-02-04 00:33:01', '2023-02-04 00:33:01'),
(351, 26, 1, 400, '2023-02-04 00:33:16', '2023-02-04 00:33:16'),
(352, 26, 2, 0, '2023-02-04 00:33:16', '2023-02-04 00:33:16'),
(353, 26, 3, 0, '2023-02-04 00:33:16', '2023-02-04 00:33:16'),
(354, 26, 4, 0, '2023-02-04 00:33:17', '2023-02-04 00:33:17'),
(355, 26, 5, 0, '2023-02-04 00:33:17', '2023-02-04 00:33:17'),
(356, 26, 6, 0, '2023-02-04 00:33:17', '2023-02-04 00:33:17'),
(357, 26, 7, 0, '2023-02-04 00:33:17', '2023-02-04 00:33:17'),
(358, 26, 8, 0, '2023-02-04 00:33:17', '2023-02-04 00:33:17'),
(359, 26, 9, 0, '2023-02-04 00:33:17', '2023-02-04 00:33:17'),
(360, 26, 10, 0, '2023-02-04 00:33:17', '2023-02-04 00:33:17'),
(361, 26, 11, 0, '2023-02-04 00:33:17', '2023-02-04 00:33:17'),
(362, 26, 12, 0, '2023-02-04 00:33:17', '2023-02-04 00:33:17'),
(363, 26, 13, 0, '2023-02-04 00:33:17', '2023-02-04 00:33:17'),
(364, 26, 14, 0, '2023-02-04 00:33:17', '2023-02-04 00:33:17'),
(365, 27, 1, 190, '2023-02-04 00:33:36', '2023-02-04 00:33:36'),
(366, 27, 2, 20, '2023-02-04 00:33:36', '2023-02-04 00:33:36'),
(367, 27, 3, 0, '2023-02-04 00:33:36', '2023-02-04 00:33:36'),
(368, 27, 4, 0, '2023-02-04 00:33:36', '2023-02-04 00:33:36'),
(369, 27, 5, 0, '2023-02-04 00:33:36', '2023-02-04 00:33:36'),
(370, 27, 6, 20, '2023-02-04 00:33:36', '2023-02-04 00:33:36'),
(371, 27, 7, 0, '2023-02-04 00:33:36', '2023-02-04 00:33:36'),
(372, 27, 8, 0, '2023-02-04 00:33:36', '2023-02-04 00:33:36'),
(373, 27, 9, 20, '2023-02-04 00:33:36', '2023-02-04 00:33:36'),
(374, 27, 10, 0, '2023-02-04 00:33:36', '2023-02-04 00:33:36'),
(375, 27, 11, 0, '2023-02-04 00:33:36', '2023-02-04 00:33:36'),
(376, 27, 12, 0, '2023-02-04 00:33:36', '2023-02-04 00:33:36'),
(377, 27, 13, 0, '2023-02-04 00:33:36', '2023-02-04 00:33:36'),
(378, 27, 14, 0, '2023-02-04 00:33:36', '2023-02-04 00:33:36'),
(379, 28, 1, 0, '2023-02-04 00:34:10', '2023-02-04 00:34:10'),
(380, 28, 2, 100, '2023-02-04 00:34:10', '2023-02-04 00:34:10'),
(381, 28, 3, 0, '2023-02-04 00:34:10', '2023-02-04 00:34:10'),
(382, 28, 4, 0, '2023-02-04 00:34:10', '2023-02-04 00:34:10'),
(383, 28, 5, 0, '2023-02-04 00:34:10', '2023-02-04 00:34:10'),
(384, 28, 6, 0, '2023-02-04 00:34:10', '2023-02-04 00:34:10'),
(385, 28, 7, 0, '2023-02-04 00:34:10', '2023-02-04 00:34:10'),
(386, 28, 8, 0, '2023-02-04 00:34:10', '2023-02-04 00:34:10'),
(387, 28, 9, 0, '2023-02-04 00:34:10', '2023-02-04 00:34:10'),
(388, 28, 10, 0, '2023-02-04 00:34:10', '2023-02-04 00:34:10'),
(389, 28, 11, 0, '2023-02-04 00:34:10', '2023-02-04 00:34:10'),
(390, 28, 12, 0, '2023-02-04 00:34:10', '2023-02-04 00:34:10'),
(391, 28, 13, 0, '2023-02-04 00:34:10', '2023-02-04 00:34:10'),
(392, 28, 14, 0, '2023-02-04 00:34:10', '2023-02-04 00:34:10'),
(393, 29, 1, 500, '2023-02-04 00:34:43', '2023-02-04 00:34:43'),
(394, 29, 2, 300, '2023-02-04 00:34:43', '2023-02-04 00:34:43'),
(395, 29, 3, 0, '2023-02-04 00:34:43', '2023-02-04 00:34:43'),
(396, 29, 4, 200, '2023-02-04 00:34:43', '2023-02-04 00:34:43'),
(397, 29, 5, 0, '2023-02-04 00:34:43', '2023-02-04 00:34:43'),
(398, 29, 6, 0, '2023-02-04 00:34:43', '2023-02-04 00:34:43'),
(399, 29, 7, 0, '2023-02-04 00:34:43', '2023-02-04 00:34:43'),
(400, 29, 8, 0, '2023-02-04 00:34:43', '2023-02-04 00:34:43'),
(401, 29, 9, 0, '2023-02-04 00:34:43', '2023-02-04 00:34:43'),
(402, 29, 10, 0, '2023-02-04 00:34:43', '2023-02-04 00:34:43'),
(403, 29, 11, 0, '2023-02-04 00:34:43', '2023-02-04 00:34:43'),
(404, 29, 12, 0, '2023-02-04 00:34:43', '2023-02-04 00:34:43'),
(405, 29, 13, 0, '2023-02-04 00:34:43', '2023-02-04 00:34:43'),
(406, 29, 14, 0, '2023-02-04 00:34:43', '2023-02-04 00:34:43'),
(407, 30, 1, 0, '2023-02-04 00:35:16', '2023-02-04 00:35:16'),
(408, 30, 2, 0, '2023-02-04 00:35:16', '2023-02-04 00:35:16'),
(409, 30, 3, 0, '2023-02-04 00:35:16', '2023-02-04 00:35:16'),
(410, 30, 4, 0, '2023-02-04 00:35:16', '2023-02-04 00:35:16'),
(411, 30, 5, 0, '2023-02-04 00:35:16', '2023-02-04 00:35:16'),
(412, 30, 6, 0, '2023-02-04 00:35:16', '2023-02-04 00:35:16'),
(413, 30, 7, 0, '2023-02-04 00:35:16', '2023-02-04 00:35:16'),
(414, 30, 8, 0, '2023-02-04 00:35:16', '2023-02-04 00:35:16'),
(415, 30, 9, 0, '2023-02-04 00:35:16', '2023-02-04 00:35:16'),
(416, 30, 10, 0, '2023-02-04 00:35:16', '2023-02-04 00:35:16'),
(417, 30, 11, 0, '2023-02-04 00:35:16', '2023-02-04 00:35:16'),
(418, 30, 12, 0, '2023-02-04 00:35:16', '2023-02-04 00:35:16'),
(419, 30, 13, 0, '2023-02-04 00:35:16', '2023-02-04 00:35:16'),
(420, 30, 14, 200, '2023-02-04 00:35:16', '2023-02-04 00:35:16'),
(421, 31, 1, 1500, '2023-02-04 00:35:45', '2023-02-04 00:35:45'),
(422, 31, 2, 0, '2023-02-04 00:35:45', '2023-02-04 00:35:45'),
(423, 31, 3, 0, '2023-02-04 00:35:45', '2023-02-04 00:35:45'),
(424, 31, 4, 0, '2023-02-04 00:35:45', '2023-02-04 00:35:45'),
(425, 31, 5, 0, '2023-02-04 00:35:45', '2023-02-04 00:35:45'),
(426, 31, 6, 0, '2023-02-04 00:35:45', '2023-02-04 00:35:45'),
(427, 31, 7, 0, '2023-02-04 00:35:45', '2023-02-04 00:35:45'),
(428, 31, 8, 0, '2023-02-04 00:35:45', '2023-02-04 00:35:45'),
(429, 31, 9, 0, '2023-02-04 00:35:45', '2023-02-04 00:35:45'),
(430, 31, 10, 0, '2023-02-04 00:35:45', '2023-02-04 00:35:45'),
(431, 31, 11, 0, '2023-02-04 00:35:45', '2023-02-04 00:35:45'),
(432, 31, 12, 0, '2023-02-04 00:35:45', '2023-02-04 00:35:45'),
(433, 31, 13, 0, '2023-02-04 00:35:45', '2023-02-04 00:35:45'),
(434, 31, 14, 0, '2023-02-04 00:35:45', '2023-02-04 00:35:45'),
(435, 32, 1, 1800, '2023-02-04 00:36:16', '2023-02-04 00:36:16'),
(436, 32, 2, 200, '2023-02-04 00:36:16', '2023-02-04 00:36:16'),
(437, 32, 3, 0, '2023-02-04 00:36:16', '2023-02-04 00:36:16'),
(438, 32, 4, 0, '2023-02-04 00:36:16', '2023-02-04 00:36:16'),
(439, 32, 5, 0, '2023-02-04 00:36:16', '2023-02-04 00:36:16'),
(440, 32, 6, 0, '2023-02-04 00:36:16', '2023-02-04 00:36:16'),
(441, 32, 7, 0, '2023-02-04 00:36:16', '2023-02-04 00:36:16'),
(442, 32, 8, 0, '2023-02-04 00:36:16', '2023-02-04 00:36:16'),
(443, 32, 9, 0, '2023-02-04 00:36:16', '2023-02-04 00:36:16'),
(444, 32, 10, 0, '2023-02-04 00:36:16', '2023-02-04 00:36:16'),
(445, 32, 11, 0, '2023-02-04 00:36:16', '2023-02-04 00:36:16'),
(446, 32, 12, 0, '2023-02-04 00:36:16', '2023-02-04 00:36:16'),
(447, 32, 13, 0, '2023-02-04 00:36:16', '2023-02-04 00:36:16'),
(448, 32, 14, 0, '2023-02-04 00:36:16', '2023-02-04 00:36:16'),
(449, 33, 1, 0, '2023-02-04 00:36:53', '2023-02-04 00:36:53'),
(450, 33, 2, 0, '2023-02-04 00:36:53', '2023-02-04 00:36:53'),
(451, 33, 3, 5000, '2023-02-04 00:36:53', '2023-02-04 00:36:53'),
(452, 33, 4, 0, '2023-02-04 00:36:53', '2023-02-04 00:36:53'),
(453, 33, 5, 0, '2023-02-04 00:36:53', '2023-02-04 00:36:53'),
(454, 33, 6, 0, '2023-02-04 00:36:53', '2023-02-04 00:36:53'),
(455, 33, 7, 0, '2023-02-04 00:36:53', '2023-02-04 00:36:53'),
(456, 33, 8, 0, '2023-02-04 00:36:53', '2023-02-04 00:36:53'),
(457, 33, 9, 0, '2023-02-04 00:36:53', '2023-02-04 00:36:53'),
(458, 33, 10, 0, '2023-02-04 00:36:53', '2023-02-04 00:36:53'),
(459, 33, 11, 0, '2023-02-04 00:36:53', '2023-02-04 00:36:53'),
(460, 33, 12, 0, '2023-02-04 00:36:53', '2023-02-04 00:36:53'),
(461, 33, 13, 0, '2023-02-04 00:36:53', '2023-02-04 00:36:53'),
(462, 33, 14, 0, '2023-02-04 00:36:53', '2023-02-04 00:36:53'),
(463, 34, 1, 100, '2023-02-04 00:37:10', '2023-02-04 00:37:10'),
(464, 34, 2, 0, '2023-02-04 00:37:10', '2023-02-04 00:37:10'),
(465, 34, 3, 0, '2023-02-04 00:37:10', '2023-02-04 00:37:10'),
(466, 34, 4, 0, '2023-02-04 00:37:10', '2023-02-04 00:37:10'),
(467, 34, 5, 0, '2023-02-04 00:37:10', '2023-02-04 00:37:10'),
(468, 34, 6, 0, '2023-02-04 00:37:10', '2023-02-04 00:37:10'),
(469, 34, 7, 0, '2023-02-04 00:37:10', '2023-02-04 00:37:10'),
(470, 34, 8, 0, '2023-02-04 00:37:10', '2023-02-04 00:37:10'),
(471, 34, 9, 0, '2023-02-04 00:37:10', '2023-02-04 00:37:10'),
(472, 34, 10, 0, '2023-02-04 00:37:10', '2023-02-04 00:37:10'),
(473, 34, 11, 0, '2023-02-04 00:37:10', '2023-02-04 00:37:10'),
(474, 34, 12, 0, '2023-02-04 00:37:10', '2023-02-04 00:37:10'),
(475, 34, 13, 0, '2023-02-04 00:37:10', '2023-02-04 00:37:10'),
(476, 34, 14, 0, '2023-02-04 00:37:10', '2023-02-04 00:37:10'),
(477, 35, 1, 500, '2023-02-04 00:37:44', '2023-02-04 00:37:44'),
(478, 35, 2, 0, '2023-02-04 00:37:44', '2023-02-04 00:37:44'),
(479, 35, 3, 0, '2023-02-04 00:37:44', '2023-02-04 00:37:44'),
(480, 35, 4, 0, '2023-02-04 00:37:44', '2023-02-04 00:37:44'),
(481, 35, 5, 0, '2023-02-04 00:37:44', '2023-02-04 00:37:44'),
(482, 35, 6, 0, '2023-02-04 00:37:44', '2023-02-04 00:37:44'),
(483, 35, 7, 0, '2023-02-04 00:37:44', '2023-02-04 00:37:44'),
(484, 35, 8, 0, '2023-02-04 00:37:44', '2023-02-04 00:37:44'),
(485, 35, 9, 0, '2023-02-04 00:37:44', '2023-02-04 00:37:44'),
(486, 35, 10, 0, '2023-02-04 00:37:44', '2023-02-04 00:37:44'),
(487, 35, 11, 0, '2023-02-04 00:37:44', '2023-02-04 00:37:44'),
(488, 35, 12, 0, '2023-02-04 00:37:44', '2023-02-04 00:37:44'),
(489, 35, 13, 0, '2023-02-04 00:37:44', '2023-02-04 00:37:44'),
(490, 35, 14, 0, '2023-02-04 00:37:44', '2023-02-04 00:37:44'),
(491, 36, 1, 400, '2023-02-04 00:38:21', '2023-02-04 00:38:21'),
(492, 36, 2, 0, '2023-02-04 00:38:21', '2023-02-04 00:38:21'),
(493, 36, 3, 0, '2023-02-04 00:38:21', '2023-02-04 00:38:21'),
(494, 36, 4, 0, '2023-02-04 00:38:21', '2023-02-04 00:38:21'),
(495, 36, 5, 0, '2023-02-04 00:38:21', '2023-02-04 00:38:21'),
(496, 36, 6, 0, '2023-02-04 00:38:21', '2023-02-04 00:38:21'),
(497, 36, 7, 0, '2023-02-04 00:38:21', '2023-02-04 00:38:21'),
(498, 36, 8, 0, '2023-02-04 00:38:21', '2023-02-04 00:38:21'),
(499, 36, 9, 0, '2023-02-04 00:38:21', '2023-02-04 00:38:21'),
(500, 36, 10, 0, '2023-02-04 00:38:21', '2023-02-04 00:38:21'),
(501, 36, 11, 0, '2023-02-04 00:38:21', '2023-02-04 00:38:21'),
(502, 36, 12, 0, '2023-02-04 00:38:21', '2023-02-04 00:38:21'),
(503, 36, 13, 0, '2023-02-04 00:38:21', '2023-02-04 00:38:21'),
(504, 36, 14, 0, '2023-02-04 00:38:21', '2023-02-04 00:38:21'),
(505, 37, 1, 450, '2023-02-04 00:38:44', '2023-02-04 00:38:44'),
(506, 37, 2, 0, '2023-02-04 00:38:44', '2023-02-04 00:38:44'),
(507, 37, 3, 0, '2023-02-04 00:38:44', '2023-02-04 00:38:44'),
(508, 37, 4, 0, '2023-02-04 00:38:44', '2023-02-04 00:38:44'),
(509, 37, 5, 0, '2023-02-04 00:38:44', '2023-02-04 00:38:44'),
(510, 37, 6, 0, '2023-02-04 00:38:44', '2023-02-04 00:38:44'),
(511, 37, 7, 0, '2023-02-04 00:38:44', '2023-02-04 00:38:44'),
(512, 37, 8, 0, '2023-02-04 00:38:44', '2023-02-04 00:38:44'),
(513, 37, 9, 0, '2023-02-04 00:38:44', '2023-02-04 00:38:44'),
(514, 37, 10, 0, '2023-02-04 00:38:44', '2023-02-04 00:38:44'),
(515, 37, 11, 0, '2023-02-04 00:38:44', '2023-02-04 00:38:44'),
(516, 37, 12, 0, '2023-02-04 00:38:44', '2023-02-04 00:38:44'),
(517, 37, 13, 0, '2023-02-04 00:38:44', '2023-02-04 00:38:44'),
(518, 37, 14, 0, '2023-02-04 00:38:44', '2023-02-04 00:38:44'),
(539, 39, 1, 350, '2023-02-04 00:39:50', '2023-02-04 00:39:50'),
(540, 39, 2, 50, '2023-02-04 00:39:50', '2023-02-04 00:39:50'),
(541, 39, 3, 50, '2023-02-04 00:39:50', '2023-02-04 00:39:50'),
(542, 39, 4, 0, '2023-02-04 00:39:50', '2023-02-04 00:39:50'),
(543, 39, 5, 0, '2023-02-04 00:39:50', '2023-02-04 00:39:50'),
(544, 39, 6, 0, '2023-02-04 00:39:50', '2023-02-04 00:39:50'),
(545, 39, 7, 0, '2023-02-04 00:39:50', '2023-02-04 00:39:50'),
(546, 39, 8, 0, '2023-02-04 00:39:50', '2023-02-04 00:39:50'),
(547, 39, 9, 0, '2023-02-04 00:39:50', '2023-02-04 00:39:50'),
(548, 39, 10, 0, '2023-02-04 00:39:50', '2023-02-04 00:39:50'),
(549, 39, 11, 0, '2023-02-04 00:39:50', '2023-02-04 00:39:50'),
(550, 39, 12, 0, '2023-02-04 00:39:50', '2023-02-04 00:39:50'),
(551, 39, 13, 0, '2023-02-04 00:39:50', '2023-02-04 00:39:50'),
(552, 39, 14, 0, '2023-02-04 00:39:50', '2023-02-04 00:39:50'),
(553, 40, 1, 700, '2023-02-04 00:40:06', '2023-02-04 00:40:06'),
(554, 40, 2, 100, '2023-02-04 00:40:06', '2023-02-04 00:40:06'),
(555, 40, 3, 100, '2023-02-04 00:40:06', '2023-02-04 00:40:06'),
(556, 40, 4, 0, '2023-02-04 00:40:06', '2023-02-04 00:40:06'),
(557, 40, 5, 0, '2023-02-04 00:40:06', '2023-02-04 00:40:06'),
(558, 40, 6, 0, '2023-02-04 00:40:06', '2023-02-04 00:40:06'),
(559, 40, 7, 0, '2023-02-04 00:40:06', '2023-02-04 00:40:06'),
(560, 40, 8, 0, '2023-02-04 00:40:06', '2023-02-04 00:40:06'),
(561, 40, 9, 0, '2023-02-04 00:40:06', '2023-02-04 00:40:06'),
(562, 40, 10, 0, '2023-02-04 00:40:06', '2023-02-04 00:40:06'),
(563, 40, 11, 0, '2023-02-04 00:40:06', '2023-02-04 00:40:06'),
(564, 40, 12, 0, '2023-02-04 00:40:06', '2023-02-04 00:40:06'),
(565, 40, 13, 0, '2023-02-04 00:40:06', '2023-02-04 00:40:06'),
(566, 40, 14, 0, '2023-02-04 00:40:06', '2023-02-04 00:40:06'),
(567, 41, 1, 3000, '2023-02-04 00:40:29', '2023-02-04 00:40:29'),
(568, 41, 2, 0, '2023-02-04 00:40:29', '2023-02-04 00:40:29'),
(569, 41, 3, 0, '2023-02-04 00:40:29', '2023-02-04 00:40:29'),
(570, 41, 4, 0, '2023-02-04 00:40:29', '2023-02-04 00:40:29'),
(571, 41, 5, 0, '2023-02-04 00:40:29', '2023-02-04 00:40:29'),
(572, 41, 6, 0, '2023-02-04 00:40:29', '2023-02-04 00:40:29'),
(573, 41, 7, 0, '2023-02-04 00:40:29', '2023-02-04 00:40:29'),
(574, 41, 8, 0, '2023-02-04 00:40:29', '2023-02-04 00:40:29'),
(575, 41, 9, 0, '2023-02-04 00:40:29', '2023-02-04 00:40:29'),
(576, 41, 10, 0, '2023-02-04 00:40:29', '2023-02-04 00:40:29'),
(577, 41, 11, 0, '2023-02-04 00:40:29', '2023-02-04 00:40:29'),
(578, 41, 12, 0, '2023-02-04 00:40:29', '2023-02-04 00:40:29'),
(579, 41, 13, 0, '2023-02-04 00:40:29', '2023-02-04 00:40:29'),
(580, 41, 14, 0, '2023-02-04 00:40:29', '2023-02-04 00:40:29'),
(581, 42, 1, 5050, '2023-02-04 00:41:01', '2023-02-04 00:41:01'),
(582, 42, 2, 500, '2023-02-04 00:41:01', '2023-02-04 00:41:01'),
(583, 42, 3, 3360, '2023-02-04 00:41:01', '2023-02-04 00:41:01'),
(584, 42, 4, 300, '2023-02-04 00:41:01', '2023-02-04 00:41:01'),
(585, 42, 5, 200, '2023-02-04 00:41:01', '2023-02-04 00:41:01'),
(586, 42, 6, 25, '2023-02-04 00:41:01', '2023-02-04 00:41:01'),
(587, 42, 7, 30, '2023-02-04 00:41:01', '2023-02-04 00:41:01'),
(588, 42, 8, 25, '2023-02-04 00:41:01', '2023-02-04 00:41:01'),
(589, 42, 9, 25, '2023-02-04 00:41:01', '2023-02-04 00:41:01'),
(590, 42, 10, 25, '2023-02-04 00:41:01', '2023-02-04 00:41:01'),
(591, 42, 11, 25, '2023-02-04 00:41:01', '2023-02-04 00:41:01'),
(592, 42, 12, 25, '2023-02-04 00:41:01', '2023-02-04 00:41:01'),
(593, 42, 13, 25, '2023-02-04 00:41:01', '2023-02-04 00:41:01'),
(594, 42, 14, 100, '2023-02-04 00:41:01', '2023-02-04 00:41:01'),
(595, 43, 1, 4000, '2023-02-04 00:41:45', '2023-02-04 00:41:45'),
(596, 43, 2, 500, '2023-02-04 00:41:45', '2023-02-04 00:41:45'),
(597, 43, 3, 500, '2023-02-04 00:41:45', '2023-02-04 00:41:45'),
(598, 43, 4, 0, '2023-02-04 00:41:45', '2023-02-04 00:41:45'),
(599, 43, 5, 0, '2023-02-04 00:41:45', '2023-02-04 00:41:45'),
(600, 43, 6, 0, '2023-02-04 00:41:45', '2023-02-04 00:41:45'),
(601, 43, 7, 0, '2023-02-04 00:41:45', '2023-02-04 00:41:45'),
(602, 43, 8, 0, '2023-02-04 00:41:45', '2023-02-04 00:41:45'),
(603, 43, 9, 0, '2023-02-04 00:41:45', '2023-02-04 00:41:45'),
(604, 43, 10, 0, '2023-02-04 00:41:45', '2023-02-04 00:41:45'),
(605, 43, 11, 0, '2023-02-04 00:41:45', '2023-02-04 00:41:45'),
(606, 43, 12, 0, '2023-02-04 00:41:45', '2023-02-04 00:41:45'),
(607, 43, 13, 0, '2023-02-04 00:41:45', '2023-02-04 00:41:45'),
(608, 43, 14, 0, '2023-02-04 00:41:45', '2023-02-04 00:41:45'),
(609, 44, 1, 0, '2023-02-04 01:10:30', '2023-02-04 01:10:30'),
(610, 44, 2, 0, '2023-02-04 01:10:30', '2023-02-04 01:10:30'),
(611, 44, 3, 4337, '2023-02-04 01:10:30', '2023-02-04 01:10:30'),
(612, 44, 4, 0, '2023-02-04 01:10:30', '2023-02-04 01:10:30'),
(613, 44, 5, 0, '2023-02-04 01:10:30', '2023-02-04 01:10:30'),
(614, 44, 6, 0, '2023-02-04 01:10:30', '2023-02-04 01:10:30'),
(615, 44, 7, 0, '2023-02-04 01:10:30', '2023-02-04 01:10:30'),
(616, 44, 8, 0, '2023-02-04 01:10:30', '2023-02-04 01:10:30'),
(617, 44, 9, 0, '2023-02-04 01:10:30', '2023-02-04 01:10:30'),
(618, 44, 10, 0, '2023-02-04 01:10:30', '2023-02-04 01:10:30'),
(619, 44, 11, 0, '2023-02-04 01:10:30', '2023-02-04 01:10:30'),
(620, 44, 12, 0, '2023-02-04 01:10:30', '2023-02-04 01:10:30'),
(621, 44, 13, 0, '2023-02-04 01:10:30', '2023-02-04 01:10:30'),
(622, 44, 14, 0, '2023-02-04 01:10:30', '2023-02-04 01:10:30'),
(623, 45, 1, 100, '2023-02-04 01:11:06', '2023-02-04 01:11:06'),
(624, 45, 2, 0, '2023-02-04 01:11:06', '2023-02-04 01:11:06'),
(625, 45, 3, 0, '2023-02-04 01:11:06', '2023-02-04 01:11:06'),
(626, 45, 4, 0, '2023-02-04 01:11:06', '2023-02-04 01:11:06'),
(627, 45, 5, 0, '2023-02-04 01:11:06', '2023-02-04 01:11:06'),
(628, 45, 6, 0, '2023-02-04 01:11:06', '2023-02-04 01:11:06'),
(629, 45, 7, 0, '2023-02-04 01:11:06', '2023-02-04 01:11:06'),
(630, 45, 8, 0, '2023-02-04 01:11:06', '2023-02-04 01:11:06'),
(631, 45, 9, 0, '2023-02-04 01:11:06', '2023-02-04 01:11:06'),
(632, 45, 10, 0, '2023-02-04 01:11:06', '2023-02-04 01:11:06'),
(633, 45, 11, 0, '2023-02-04 01:11:06', '2023-02-04 01:11:06'),
(634, 45, 12, 0, '2023-02-04 01:11:06', '2023-02-04 01:11:06'),
(635, 45, 13, 0, '2023-02-04 01:11:06', '2023-02-04 01:11:06'),
(636, 45, 14, 0, '2023-02-04 01:11:06', '2023-02-04 01:11:06'),
(637, 46, 1, 1500, '2023-02-04 01:11:33', '2023-02-04 01:11:33'),
(638, 46, 2, 300, '2023-02-04 01:11:33', '2023-02-04 01:11:33'),
(639, 46, 3, 15000, '2023-02-04 01:11:33', '2023-02-04 01:11:33'),
(640, 46, 4, 100, '2023-02-04 01:11:33', '2023-02-04 01:11:33'),
(641, 46, 5, 50, '2023-02-04 01:11:33', '2023-02-04 01:11:33'),
(642, 46, 6, 0, '2023-02-04 01:11:33', '2023-02-04 01:11:33'),
(643, 46, 7, 30, '2023-02-04 01:11:33', '2023-02-04 01:11:33'),
(644, 46, 8, 0, '2023-02-04 01:11:33', '2023-02-04 01:11:33'),
(645, 46, 9, 0, '2023-02-04 01:11:33', '2023-02-04 01:11:33'),
(646, 46, 10, 0, '2023-02-04 01:11:33', '2023-02-04 01:11:33'),
(647, 46, 11, NULL, '2023-02-04 01:11:33', '2023-02-04 01:11:33'),
(648, 46, 12, 20, '2023-02-04 01:11:33', '2023-02-04 01:11:33'),
(649, 46, 13, 0, '2023-02-04 01:11:33', '2023-02-04 01:11:33'),
(650, 46, 14, 0, '2023-02-04 01:11:33', '2023-02-04 01:11:33'),
(651, 47, 1, 1500, '2023-02-04 01:12:12', '2023-02-04 01:12:12'),
(652, 47, 2, 500, '2023-02-04 01:12:12', '2023-02-04 01:12:12'),
(653, 47, 3, 2000, '2023-02-04 01:12:12', '2023-02-04 01:12:12'),
(654, 47, 4, 100, '2023-02-04 01:12:12', '2023-02-04 01:12:12'),
(655, 47, 5, 20, '2023-02-04 01:12:12', '2023-02-04 01:12:12'),
(656, 47, 6, 20, '2023-02-04 01:12:12', '2023-02-04 01:12:12'),
(657, 47, 7, 0, '2023-02-04 01:12:12', '2023-02-04 01:12:12'),
(658, 47, 8, 0, '2023-02-04 01:12:12', '2023-02-04 01:12:12'),
(659, 47, 9, 20, '2023-02-04 01:12:12', '2023-02-04 01:12:12'),
(660, 47, 10, 20, '2023-02-04 01:12:12', '2023-02-04 01:12:12'),
(661, 47, 11, 0, '2023-02-04 01:12:12', '2023-02-04 01:12:12'),
(662, 47, 12, 0, '2023-02-04 01:12:12', '2023-02-04 01:12:12'),
(663, 47, 13, 20, '2023-02-04 01:12:12', '2023-02-04 01:12:12'),
(664, 47, 14, 0, '2023-02-04 01:12:12', '2023-02-04 01:12:12'),
(665, 48, 1, 3840, '2023-02-04 01:12:28', '2023-02-04 01:12:28'),
(666, 48, 2, 0, '2023-02-04 01:12:28', '2023-02-04 01:12:28'),
(667, 48, 3, 3000, '2023-02-04 01:12:28', '2023-02-04 01:12:28'),
(668, 48, 4, 0, '2023-02-04 01:12:28', '2023-02-04 01:12:28'),
(669, 48, 5, 160, '2023-02-04 01:12:28', '2023-02-04 01:12:28'),
(670, 48, 6, 0, '2023-02-04 01:12:28', '2023-02-04 01:12:28'),
(671, 48, 7, 0, '2023-02-04 01:12:28', '2023-02-04 01:12:28'),
(672, 48, 8, 0, '2023-02-04 01:12:28', '2023-02-04 01:12:28'),
(673, 48, 9, 0, '2023-02-04 01:12:28', '2023-02-04 01:12:28'),
(674, 48, 10, 0, '2023-02-04 01:12:28', '2023-02-04 01:12:28'),
(675, 48, 11, 0, '2023-02-04 01:12:28', '2023-02-04 01:12:28'),
(676, 48, 12, 0, '2023-02-04 01:12:28', '2023-02-04 01:12:28'),
(677, 48, 13, 0, '2023-02-04 01:12:28', '2023-02-04 01:12:28'),
(678, 48, 14, 0, '2023-02-04 01:12:28', '2023-02-04 01:12:28'),
(679, 49, 1, 400, '2023-02-04 01:13:07', '2023-02-04 01:13:07'),
(680, 49, 2, 0, '2023-02-04 01:13:07', '2023-02-04 01:13:07'),
(681, 49, 3, 500, '2023-02-04 01:13:07', '2023-02-04 01:13:07'),
(682, 49, 4, 0, '2023-02-04 01:13:07', '2023-02-04 01:13:07'),
(683, 49, 5, 100, '2023-02-04 01:13:07', '2023-02-04 01:13:07'),
(684, 49, 6, 0, '2023-02-04 01:13:07', '2023-02-04 01:13:07'),
(685, 49, 7, 0, '2023-02-04 01:13:07', '2023-02-04 01:13:07'),
(686, 49, 8, 0, '2023-02-04 01:13:07', '2023-02-04 01:13:07'),
(687, 49, 9, 0, '2023-02-04 01:13:07', '2023-02-04 01:13:07'),
(688, 49, 10, 0, '2023-02-04 01:13:07', '2023-02-04 01:13:07'),
(689, 49, 11, 0, '2023-02-04 01:13:07', '2023-02-04 01:13:07'),
(690, 49, 12, 0, '2023-02-04 01:13:07', '2023-02-04 01:13:07'),
(691, 49, 13, 0, '2023-02-04 01:13:07', '2023-02-04 01:13:07'),
(692, 49, 14, 0, '2023-02-04 01:13:07', '2023-02-04 01:13:07'),
(693, 50, 1, 500, '2023-02-04 01:14:31', '2023-02-04 01:14:31'),
(694, 50, 2, 0, '2023-02-04 01:14:31', '2023-02-04 01:14:31'),
(695, 50, 3, 0, '2023-02-04 01:14:31', '2023-02-04 01:14:31'),
(696, 50, 4, 0, '2023-02-04 01:14:31', '2023-02-04 01:14:31'),
(697, 50, 5, 0, '2023-02-04 01:14:31', '2023-02-04 01:14:31'),
(698, 50, 6, 0, '2023-02-04 01:14:31', '2023-02-04 01:14:31'),
(699, 50, 7, 0, '2023-02-04 01:14:31', '2023-02-04 01:14:31'),
(700, 50, 8, 0, '2023-02-04 01:14:31', '2023-02-04 01:14:31'),
(701, 50, 9, 0, '2023-02-04 01:14:31', '2023-02-04 01:14:31'),
(702, 50, 10, 0, '2023-02-04 01:14:31', '2023-02-04 01:14:31'),
(703, 50, 11, 0, '2023-02-04 01:14:31', '2023-02-04 01:14:31'),
(704, 50, 12, 0, '2023-02-04 01:14:31', '2023-02-04 01:14:31'),
(705, 50, 13, 0, '2023-02-04 01:14:31', '2023-02-04 01:14:31'),
(706, 50, 14, 0, '2023-02-04 01:14:31', '2023-02-04 01:14:31'),
(707, 51, 1, 500, '2023-02-04 01:15:00', '2023-02-04 01:15:00'),
(708, 51, 2, 0, '2023-02-04 01:15:00', '2023-02-04 01:15:00'),
(709, 51, 3, 0, '2023-02-04 01:15:00', '2023-02-04 01:15:00'),
(710, 51, 4, 0, '2023-02-04 01:15:00', '2023-02-04 01:15:00'),
(711, 51, 5, 0, '2023-02-04 01:15:00', '2023-02-04 01:15:00'),
(712, 51, 6, 0, '2023-02-04 01:15:00', '2023-02-04 01:15:00'),
(713, 51, 7, 0, '2023-02-04 01:15:00', '2023-02-04 01:15:00'),
(714, 51, 8, 0, '2023-02-04 01:15:00', '2023-02-04 01:15:00'),
(715, 51, 9, 0, '2023-02-04 01:15:00', '2023-02-04 01:15:00'),
(716, 51, 10, 0, '2023-02-04 01:15:00', '2023-02-04 01:15:00'),
(717, 51, 11, 0, '2023-02-04 01:15:00', '2023-02-04 01:15:00'),
(718, 51, 12, 0, '2023-02-04 01:15:00', '2023-02-04 01:15:00'),
(719, 51, 13, 0, '2023-02-04 01:15:00', '2023-02-04 01:15:00'),
(720, 51, 14, 0, '2023-02-04 01:15:00', '2023-02-04 01:15:00'),
(721, 52, 1, 150, '2023-02-04 01:15:27', '2023-02-04 01:15:27'),
(722, 52, 2, 0, '2023-02-04 01:15:27', '2023-02-04 01:15:27'),
(723, 52, 3, 0, '2023-02-04 01:15:27', '2023-02-04 01:15:27'),
(724, 52, 4, 0, '2023-02-04 01:15:27', '2023-02-04 01:15:27'),
(725, 52, 5, 0, '2023-02-04 01:15:27', '2023-02-04 01:15:27'),
(726, 52, 6, 0, '2023-02-04 01:15:27', '2023-02-04 01:15:27'),
(727, 52, 7, 0, '2023-02-04 01:15:27', '2023-02-04 01:15:27'),
(728, 52, 8, 0, '2023-02-04 01:15:27', '2023-02-04 01:15:27'),
(729, 52, 9, 0, '2023-02-04 01:15:27', '2023-02-04 01:15:27'),
(730, 52, 10, 0, '2023-02-04 01:15:27', '2023-02-04 01:15:27'),
(731, 52, 11, 0, '2023-02-04 01:15:27', '2023-02-04 01:15:27'),
(732, 52, 12, 0, '2023-02-04 01:15:27', '2023-02-04 01:15:27'),
(733, 52, 13, 0, '2023-02-04 01:15:27', '2023-02-04 01:15:27'),
(734, 52, 14, 0, '2023-02-04 01:15:27', '2023-02-04 01:15:27'),
(735, 53, 1, 200, '2023-02-04 01:16:00', '2023-02-04 01:16:00'),
(736, 53, 2, 0, '2023-02-04 01:16:00', '2023-02-04 01:16:00'),
(737, 53, 3, 0, '2023-02-04 01:16:00', '2023-02-04 01:16:00'),
(738, 53, 4, 0, '2023-02-04 01:16:00', '2023-02-04 01:16:00'),
(739, 53, 5, 0, '2023-02-04 01:16:00', '2023-02-04 01:16:00'),
(740, 53, 6, 0, '2023-02-04 01:16:00', '2023-02-04 01:16:00'),
(741, 53, 7, 0, '2023-02-04 01:16:00', '2023-02-04 01:16:00'),
(742, 53, 8, 0, '2023-02-04 01:16:00', '2023-02-04 01:16:00'),
(743, 53, 9, 0, '2023-02-04 01:16:00', '2023-02-04 01:16:00'),
(744, 53, 10, 0, '2023-02-04 01:16:00', '2023-02-04 01:16:00'),
(745, 53, 11, 0, '2023-02-04 01:16:00', '2023-02-04 01:16:00'),
(746, 53, 12, 0, '2023-02-04 01:16:00', '2023-02-04 01:16:00'),
(747, 53, 13, 0, '2023-02-04 01:16:00', '2023-02-04 01:16:00'),
(748, 53, 14, 0, '2023-02-04 01:16:00', '2023-02-04 01:16:00'),
(749, 54, 1, 300, '2023-02-04 01:16:22', '2023-02-04 01:16:22'),
(750, 54, 2, 0, '2023-02-04 01:16:22', '2023-02-04 01:16:22'),
(751, 54, 3, 0, '2023-02-04 01:16:22', '2023-02-04 01:16:22'),
(752, 54, 4, 0, '2023-02-04 01:16:22', '2023-02-04 01:16:22'),
(753, 54, 5, 0, '2023-02-04 01:16:22', '2023-02-04 01:16:22'),
(754, 54, 6, 0, '2023-02-04 01:16:22', '2023-02-04 01:16:22'),
(755, 54, 7, 0, '2023-02-04 01:16:22', '2023-02-04 01:16:22'),
(756, 54, 8, 0, '2023-02-04 01:16:22', '2023-02-04 01:16:22'),
(757, 54, 9, 0, '2023-02-04 01:16:22', '2023-02-04 01:16:22'),
(758, 54, 10, 0, '2023-02-04 01:16:22', '2023-02-04 01:16:22'),
(759, 54, 11, 0, '2023-02-04 01:16:22', '2023-02-04 01:16:22'),
(760, 54, 12, 0, '2023-02-04 01:16:22', '2023-02-04 01:16:22'),
(761, 54, 13, 0, '2023-02-04 01:16:22', '2023-02-04 01:16:22'),
(762, 54, 14, 0, '2023-02-04 01:16:22', '2023-02-04 01:16:22'),
(763, 55, 1, 300, '2023-02-04 01:16:51', '2023-02-04 01:16:51'),
(764, 55, 2, 0, '2023-02-04 01:16:51', '2023-02-04 01:16:51'),
(765, 55, 3, 0, '2023-02-04 01:16:51', '2023-02-04 01:16:51'),
(766, 55, 4, 0, '2023-02-04 01:16:51', '2023-02-04 01:16:51'),
(767, 55, 5, 0, '2023-02-04 01:16:51', '2023-02-04 01:16:51'),
(768, 55, 6, 0, '2023-02-04 01:16:51', '2023-02-04 01:16:51'),
(769, 55, 7, 0, '2023-02-04 01:16:51', '2023-02-04 01:16:51'),
(770, 55, 8, 0, '2023-02-04 01:16:51', '2023-02-04 01:16:51'),
(771, 55, 9, 0, '2023-02-04 01:16:51', '2023-02-04 01:16:51'),
(772, 55, 10, 0, '2023-02-04 01:16:51', '2023-02-04 01:16:51'),
(773, 55, 11, 0, '2023-02-04 01:16:51', '2023-02-04 01:16:51'),
(774, 55, 12, 0, '2023-02-04 01:16:51', '2023-02-04 01:16:51'),
(775, 55, 13, 0, '2023-02-04 01:16:51', '2023-02-04 01:16:51'),
(776, 55, 14, 0, '2023-02-04 01:16:51', '2023-02-04 01:16:51'),
(777, 56, 1, 200, '2023-02-04 01:17:06', '2023-02-04 01:17:06'),
(778, 56, 2, 0, '2023-02-04 01:17:06', '2023-02-04 01:17:06'),
(779, 56, 3, 100, '2023-02-04 01:17:06', '2023-02-04 01:17:06'),
(780, 56, 4, 0, '2023-02-04 01:17:06', '2023-02-04 01:17:06'),
(781, 56, 5, 0, '2023-02-04 01:17:06', '2023-02-04 01:17:06'),
(782, 56, 6, 0, '2023-02-04 01:17:06', '2023-02-04 01:17:06'),
(783, 56, 7, 0, '2023-02-04 01:17:06', '2023-02-04 01:17:06'),
(784, 56, 8, 0, '2023-02-04 01:17:06', '2023-02-04 01:17:06'),
(785, 56, 9, 0, '2023-02-04 01:17:06', '2023-02-04 01:17:06'),
(786, 56, 10, 0, '2023-02-04 01:17:07', '2023-02-04 01:17:07'),
(787, 56, 11, 0, '2023-02-04 01:17:07', '2023-02-04 01:17:07'),
(788, 56, 12, 0, '2023-02-04 01:17:07', '2023-02-04 01:17:07'),
(789, 56, 13, 0, '2023-02-04 01:17:07', '2023-02-04 01:17:07'),
(790, 56, 14, 0, '2023-02-04 01:17:07', '2023-02-04 01:17:07'),
(791, 57, 1, 100, '2023-02-04 01:17:27', '2023-02-04 01:17:27'),
(792, 57, 2, 60, '2023-02-04 01:17:27', '2023-02-04 01:17:27'),
(793, 57, 3, 0, '2023-02-04 01:17:27', '2023-02-04 01:17:27'),
(794, 57, 4, 0, '2023-02-04 01:17:27', '2023-02-04 01:17:27'),
(795, 57, 5, 0, '2023-02-04 01:17:27', '2023-02-04 01:17:27'),
(796, 57, 6, 0, '2023-02-04 01:17:27', '2023-02-04 01:17:27'),
(797, 57, 7, 0, '2023-02-04 01:17:27', '2023-02-04 01:17:27'),
(798, 57, 8, 0, '2023-02-04 01:17:27', '2023-02-04 01:17:27'),
(799, 57, 9, 0, '2023-02-04 01:17:27', '2023-02-04 01:17:27'),
(800, 57, 10, 0, '2023-02-04 01:17:27', '2023-02-04 01:17:27'),
(801, 57, 11, 0, '2023-02-04 01:17:27', '2023-02-04 01:17:27'),
(802, 57, 12, 0, '2023-02-04 01:17:27', '2023-02-04 01:17:27'),
(803, 57, 13, 0, '2023-02-04 01:17:27', '2023-02-04 01:17:27'),
(804, 57, 14, 0, '2023-02-04 01:17:27', '2023-02-04 01:17:27'),
(805, 58, 1, 620, '2023-02-04 01:17:53', '2023-02-04 01:17:53'),
(806, 58, 2, 0, '2023-02-04 01:17:53', '2023-02-04 01:17:53'),
(807, 58, 3, 0, '2023-02-04 01:17:53', '2023-02-04 01:17:53'),
(808, 58, 4, 0, '2023-02-04 01:17:53', '2023-02-04 01:17:53'),
(809, 58, 5, 0, '2023-02-04 01:17:53', '2023-02-04 01:17:53'),
(810, 58, 6, 0, '2023-02-04 01:17:53', '2023-02-04 01:17:53'),
(811, 58, 7, 0, '2023-02-04 01:17:53', '2023-02-04 01:17:53'),
(812, 58, 8, 0, '2023-02-04 01:17:53', '2023-02-04 01:17:53'),
(813, 58, 9, 0, '2023-02-04 01:17:53', '2023-02-04 01:17:53'),
(814, 58, 10, 0, '2023-02-04 01:17:53', '2023-02-04 01:17:53'),
(815, 58, 11, 0, '2023-02-04 01:17:53', '2023-02-04 01:17:53'),
(816, 58, 12, 0, '2023-02-04 01:17:53', '2023-02-04 01:17:53'),
(817, 58, 13, 0, '2023-02-04 01:17:53', '2023-02-04 01:17:53'),
(818, 58, 14, 0, '2023-02-04 01:17:53', '2023-02-04 01:17:53'),
(819, 59, 1, 1000, '2023-02-04 01:18:13', '2023-02-04 01:18:13'),
(820, 59, 2, 0, '2023-02-04 01:18:13', '2023-02-04 01:18:13'),
(821, 59, 3, 0, '2023-02-04 01:18:13', '2023-02-04 01:18:13'),
(822, 59, 4, 0, '2023-02-04 01:18:13', '2023-02-04 01:18:13'),
(823, 59, 5, 0, '2023-02-04 01:18:13', '2023-02-04 01:18:13'),
(824, 59, 6, 0, '2023-02-04 01:18:13', '2023-02-04 01:18:13'),
(825, 59, 7, 0, '2023-02-04 01:18:13', '2023-02-04 01:18:13'),
(826, 59, 8, 0, '2023-02-04 01:18:13', '2023-02-04 01:18:13'),
(827, 59, 9, 0, '2023-02-04 01:18:13', '2023-02-04 01:18:13'),
(828, 59, 10, 0, '2023-02-04 01:18:13', '2023-02-04 01:18:13'),
(829, 59, 11, 0, '2023-02-04 01:18:13', '2023-02-04 01:18:13'),
(830, 59, 12, 0, '2023-02-04 01:18:13', '2023-02-04 01:18:13'),
(831, 59, 13, 0, '2023-02-04 01:18:13', '2023-02-04 01:18:13'),
(832, 59, 14, 0, '2023-02-04 01:18:13', '2023-02-04 01:18:13'),
(833, 60, 1, 1300, '2023-02-04 01:18:32', '2023-02-04 01:18:32');
INSERT INTO `offerings` (`id`, `transaction_id`, `ministry_id`, `amount`, `created_at`, `updated_at`) VALUES
(834, 60, 2, 0, '2023-02-04 01:18:32', '2023-02-04 01:18:32'),
(835, 60, 3, 500, '2023-02-04 01:18:32', '2023-02-04 01:18:32'),
(836, 60, 4, 100, '2023-02-04 01:18:32', '2023-02-04 01:18:32'),
(837, 60, 5, 50, '2023-02-04 01:18:32', '2023-02-04 01:18:32'),
(838, 60, 6, 0, '2023-02-04 01:18:32', '2023-02-04 01:18:32'),
(839, 60, 7, 0, '2023-02-04 01:18:32', '2023-02-04 01:18:32'),
(840, 60, 8, 0, '2023-02-04 01:18:32', '2023-02-04 01:18:32'),
(841, 60, 9, 0, '2023-02-04 01:18:32', '2023-02-04 01:18:32'),
(842, 60, 10, 0, '2023-02-04 01:18:32', '2023-02-04 01:18:32'),
(843, 60, 11, 0, '2023-02-04 01:18:32', '2023-02-04 01:18:32'),
(844, 60, 12, 0, '2023-02-04 01:18:32', '2023-02-04 01:18:32'),
(845, 60, 13, 0, '2023-02-04 01:18:32', '2023-02-04 01:18:32'),
(846, 60, 14, 50, '2023-02-04 01:18:32', '2023-02-04 01:18:32'),
(847, 61, 1, 250, '2023-02-04 01:19:12', '2023-02-04 01:19:12'),
(848, 61, 2, 0, '2023-02-04 01:19:12', '2023-02-04 01:19:12'),
(849, 61, 3, 0, '2023-02-04 01:19:12', '2023-02-04 01:19:12'),
(850, 61, 4, 0, '2023-02-04 01:19:12', '2023-02-04 01:19:12'),
(851, 61, 5, 0, '2023-02-04 01:19:12', '2023-02-04 01:19:12'),
(852, 61, 6, 0, '2023-02-04 01:19:12', '2023-02-04 01:19:12'),
(853, 61, 7, 0, '2023-02-04 01:19:12', '2023-02-04 01:19:12'),
(854, 61, 8, 0, '2023-02-04 01:19:12', '2023-02-04 01:19:12'),
(855, 61, 9, 0, '2023-02-04 01:19:12', '2023-02-04 01:19:12'),
(856, 61, 10, 0, '2023-02-04 01:19:12', '2023-02-04 01:19:12'),
(857, 61, 11, 0, '2023-02-04 01:19:12', '2023-02-04 01:19:12'),
(858, 61, 12, 0, '2023-02-04 01:19:12', '2023-02-04 01:19:12'),
(859, 61, 13, 0, '2023-02-04 01:19:12', '2023-02-04 01:19:12'),
(860, 61, 14, 0, '2023-02-04 01:19:12', '2023-02-04 01:19:12'),
(861, 62, 1, 100, '2023-02-04 01:19:27', '2023-02-04 01:19:27'),
(862, 62, 2, 0, '2023-02-04 01:19:27', '2023-02-04 01:19:27'),
(863, 62, 3, 0, '2023-02-04 01:19:27', '2023-02-04 01:19:27'),
(864, 62, 4, 0, '2023-02-04 01:19:27', '2023-02-04 01:19:27'),
(865, 62, 5, 0, '2023-02-04 01:19:27', '2023-02-04 01:19:27'),
(866, 62, 6, 0, '2023-02-04 01:19:27', '2023-02-04 01:19:27'),
(867, 62, 7, 0, '2023-02-04 01:19:27', '2023-02-04 01:19:27'),
(868, 62, 8, 0, '2023-02-04 01:19:27', '2023-02-04 01:19:27'),
(869, 62, 9, 0, '2023-02-04 01:19:27', '2023-02-04 01:19:27'),
(870, 62, 10, 0, '2023-02-04 01:19:27', '2023-02-04 01:19:27'),
(871, 62, 11, 0, '2023-02-04 01:19:27', '2023-02-04 01:19:27'),
(872, 62, 12, 0, '2023-02-04 01:19:27', '2023-02-04 01:19:27'),
(873, 62, 13, 0, '2023-02-04 01:19:27', '2023-02-04 01:19:27'),
(874, 62, 14, 0, '2023-02-04 01:19:27', '2023-02-04 01:19:27'),
(875, 63, 1, 250, '2023-02-04 01:19:56', '2023-02-04 01:19:56'),
(876, 63, 2, 50, '2023-02-04 01:19:56', '2023-02-04 01:19:56'),
(877, 63, 3, 0, '2023-02-04 01:19:56', '2023-02-04 01:19:56'),
(878, 63, 4, 0, '2023-02-04 01:19:56', '2023-02-04 01:19:56'),
(879, 63, 5, 0, '2023-02-04 01:19:56', '2023-02-04 01:19:56'),
(880, 63, 6, 0, '2023-02-04 01:19:56', '2023-02-04 01:19:56'),
(881, 63, 7, 0, '2023-02-04 01:19:56', '2023-02-04 01:19:56'),
(882, 63, 8, 0, '2023-02-04 01:19:56', '2023-02-04 01:19:56'),
(883, 63, 9, 0, '2023-02-04 01:19:56', '2023-02-04 01:19:56'),
(884, 63, 10, 0, '2023-02-04 01:19:56', '2023-02-04 01:19:56'),
(885, 63, 11, 0, '2023-02-04 01:19:56', '2023-02-04 01:19:56'),
(886, 63, 12, 0, '2023-02-04 01:19:56', '2023-02-04 01:19:56'),
(887, 63, 13, 0, '2023-02-04 01:19:56', '2023-02-04 01:19:56'),
(888, 63, 14, 0, '2023-02-04 01:19:56', '2023-02-04 01:19:56'),
(889, 64, 1, 0, '2023-02-04 01:20:12', '2023-02-04 01:20:12'),
(890, 64, 2, 500, '2023-02-04 01:20:12', '2023-02-04 01:20:12'),
(891, 64, 3, NULL, '2023-02-04 01:20:12', '2023-02-04 01:20:12'),
(892, 64, 4, 100, '2023-02-04 01:20:12', '2023-02-04 01:20:12'),
(893, 64, 5, 0, '2023-02-04 01:20:12', '2023-02-04 01:20:12'),
(894, 64, 6, 0, '2023-02-04 01:20:12', '2023-02-04 01:20:12'),
(895, 64, 7, 0, '2023-02-04 01:20:12', '2023-02-04 01:20:12'),
(896, 64, 8, 0, '2023-02-04 01:20:12', '2023-02-04 01:20:12'),
(897, 64, 9, 0, '2023-02-04 01:20:12', '2023-02-04 01:20:12'),
(898, 64, 10, 0, '2023-02-04 01:20:12', '2023-02-04 01:20:12'),
(899, 64, 11, 0, '2023-02-04 01:20:12', '2023-02-04 01:20:12'),
(900, 64, 12, 0, '2023-02-04 01:20:12', '2023-02-04 01:20:12'),
(901, 64, 13, 0, '2023-02-04 01:20:12', '2023-02-04 01:20:12'),
(902, 64, 14, 0, '2023-02-04 01:20:12', '2023-02-04 01:20:12'),
(903, 65, 1, 250, '2023-02-04 01:20:37', '2023-02-04 01:20:37'),
(904, 65, 2, 250, '2023-02-04 01:20:37', '2023-02-04 01:20:37'),
(905, 65, 3, 0, '2023-02-04 01:20:37', '2023-02-04 01:20:37'),
(906, 65, 4, 0, '2023-02-04 01:20:37', '2023-02-04 01:20:37'),
(907, 65, 5, 0, '2023-02-04 01:20:37', '2023-02-04 01:20:37'),
(908, 65, 6, 0, '2023-02-04 01:20:37', '2023-02-04 01:20:37'),
(909, 65, 7, 0, '2023-02-04 01:20:37', '2023-02-04 01:20:37'),
(910, 65, 8, 0, '2023-02-04 01:20:37', '2023-02-04 01:20:37'),
(911, 65, 9, 0, '2023-02-04 01:20:37', '2023-02-04 01:20:37'),
(912, 65, 10, 0, '2023-02-04 01:20:37', '2023-02-04 01:20:37'),
(913, 65, 11, 0, '2023-02-04 01:20:37', '2023-02-04 01:20:37'),
(914, 65, 12, 0, '2023-02-04 01:20:37', '2023-02-04 01:20:37'),
(915, 65, 13, 0, '2023-02-04 01:20:37', '2023-02-04 01:20:37'),
(916, 65, 14, 0, '2023-02-04 01:20:37', '2023-02-04 01:20:37'),
(917, 66, 1, 3000, '2023-02-04 01:21:20', '2023-02-04 01:21:20'),
(918, 66, 2, 600, '2023-02-04 01:21:20', '2023-02-04 01:21:20'),
(919, 66, 3, 0, '2023-02-04 01:21:20', '2023-02-04 01:21:20'),
(920, 66, 4, 400, '2023-02-04 01:21:20', '2023-02-04 01:21:20'),
(921, 66, 5, 0, '2023-02-04 01:21:20', '2023-02-04 01:21:20'),
(922, 66, 6, 0, '2023-02-04 01:21:20', '2023-02-04 01:21:20'),
(923, 66, 7, 0, '2023-02-04 01:21:20', '2023-02-04 01:21:20'),
(924, 66, 8, 0, '2023-02-04 01:21:20', '2023-02-04 01:21:20'),
(925, 66, 9, 0, '2023-02-04 01:21:20', '2023-02-04 01:21:20'),
(926, 66, 10, 0, '2023-02-04 01:21:20', '2023-02-04 01:21:20'),
(927, 66, 11, 0, '2023-02-04 01:21:20', '2023-02-04 01:21:20'),
(928, 66, 12, 0, '2023-02-04 01:21:20', '2023-02-04 01:21:20'),
(929, 66, 13, 0, '2023-02-04 01:21:20', '2023-02-04 01:21:20'),
(930, 66, 14, 0, '2023-02-04 01:21:20', '2023-02-04 01:21:20'),
(931, 67, 1, 100, '2023-02-04 01:21:54', '2023-02-04 01:21:54'),
(932, 67, 2, 0, '2023-02-04 01:21:54', '2023-02-04 01:21:54'),
(933, 67, 3, 0, '2023-02-04 01:21:54', '2023-02-04 01:21:54'),
(934, 67, 4, 0, '2023-02-04 01:21:54', '2023-02-04 01:21:54'),
(935, 67, 5, 0, '2023-02-04 01:21:54', '2023-02-04 01:21:54'),
(936, 67, 6, 0, '2023-02-04 01:21:54', '2023-02-04 01:21:54'),
(937, 67, 7, 0, '2023-02-04 01:21:54', '2023-02-04 01:21:54'),
(938, 67, 8, 0, '2023-02-04 01:21:54', '2023-02-04 01:21:54'),
(939, 67, 9, 0, '2023-02-04 01:21:54', '2023-02-04 01:21:54'),
(940, 67, 10, 0, '2023-02-04 01:21:54', '2023-02-04 01:21:54'),
(941, 67, 11, 0, '2023-02-04 01:21:54', '2023-02-04 01:21:54'),
(942, 67, 12, 0, '2023-02-04 01:21:54', '2023-02-04 01:21:54'),
(943, 67, 13, 0, '2023-02-04 01:21:54', '2023-02-04 01:21:54'),
(944, 67, 14, 0, '2023-02-04 01:21:54', '2023-02-04 01:21:54'),
(945, 68, 1, 450, '2023-02-04 01:22:11', '2023-02-04 01:22:11'),
(946, 68, 2, 0, '2023-02-04 01:22:11', '2023-02-04 01:22:11'),
(947, 68, 3, 0, '2023-02-04 01:22:11', '2023-02-04 01:22:11'),
(948, 68, 4, 0, '2023-02-04 01:22:11', '2023-02-04 01:22:11'),
(949, 68, 5, 0, '2023-02-04 01:22:11', '2023-02-04 01:22:11'),
(950, 68, 6, 0, '2023-02-04 01:22:11', '2023-02-04 01:22:11'),
(951, 68, 7, 0, '2023-02-04 01:22:11', '2023-02-04 01:22:11'),
(952, 68, 8, 0, '2023-02-04 01:22:11', '2023-02-04 01:22:11'),
(953, 68, 9, 0, '2023-02-04 01:22:11', '2023-02-04 01:22:11'),
(954, 68, 10, 0, '2023-02-04 01:22:11', '2023-02-04 01:22:11'),
(955, 68, 11, 0, '2023-02-04 01:22:11', '2023-02-04 01:22:11'),
(956, 68, 12, 0, '2023-02-04 01:22:11', '2023-02-04 01:22:11'),
(957, 68, 13, 0, '2023-02-04 01:22:11', '2023-02-04 01:22:11'),
(958, 68, 14, 0, '2023-02-04 01:22:11', '2023-02-04 01:22:11'),
(959, 69, 1, 0, '2023-02-04 01:22:40', '2023-02-04 01:22:40'),
(960, 69, 2, 0, '2023-02-04 01:22:40', '2023-02-04 01:22:40'),
(961, 69, 3, 5000, '2023-02-04 01:22:40', '2023-02-04 01:22:40'),
(962, 69, 4, 0, '2023-02-04 01:22:40', '2023-02-04 01:22:40'),
(963, 69, 5, 0, '2023-02-04 01:22:40', '2023-02-04 01:22:40'),
(964, 69, 6, 0, '2023-02-04 01:22:40', '2023-02-04 01:22:40'),
(965, 69, 7, 0, '2023-02-04 01:22:40', '2023-02-04 01:22:40'),
(966, 69, 8, 0, '2023-02-04 01:22:40', '2023-02-04 01:22:40'),
(967, 69, 9, 0, '2023-02-04 01:22:40', '2023-02-04 01:22:40'),
(968, 69, 10, 0, '2023-02-04 01:22:40', '2023-02-04 01:22:40'),
(969, 69, 11, 0, '2023-02-04 01:22:40', '2023-02-04 01:22:40'),
(970, 69, 12, 0, '2023-02-04 01:22:40', '2023-02-04 01:22:40'),
(971, 69, 13, 0, '2023-02-04 01:22:40', '2023-02-04 01:22:40'),
(972, 69, 14, 0, '2023-02-04 01:22:40', '2023-02-04 01:22:40'),
(973, 70, 1, 500, '2023-02-04 01:22:55', '2023-02-04 01:22:55'),
(974, 70, 2, 0, '2023-02-04 01:22:55', '2023-02-04 01:22:55'),
(975, 70, 3, 500, '2023-02-04 01:22:55', '2023-02-04 01:22:55'),
(976, 70, 4, 0, '2023-02-04 01:22:55', '2023-02-04 01:22:55'),
(977, 70, 5, 0, '2023-02-04 01:22:55', '2023-02-04 01:22:55'),
(978, 70, 6, 0, '2023-02-04 01:22:55', '2023-02-04 01:22:55'),
(979, 70, 7, 0, '2023-02-04 01:22:55', '2023-02-04 01:22:55'),
(980, 70, 8, 0, '2023-02-04 01:22:55', '2023-02-04 01:22:55'),
(981, 70, 9, 0, '2023-02-04 01:22:55', '2023-02-04 01:22:55'),
(982, 70, 10, 0, '2023-02-04 01:22:55', '2023-02-04 01:22:55'),
(983, 70, 11, 0, '2023-02-04 01:22:55', '2023-02-04 01:22:55'),
(984, 70, 12, 0, '2023-02-04 01:22:55', '2023-02-04 01:22:55'),
(985, 70, 13, 0, '2023-02-04 01:22:55', '2023-02-04 01:22:55'),
(986, 70, 14, 0, '2023-02-04 01:22:55', '2023-02-04 01:22:55'),
(987, 71, 1, 639, '2023-02-04 01:23:15', '2023-02-04 01:23:15'),
(988, 71, 2, 0, '2023-02-04 01:23:15', '2023-02-04 01:23:15'),
(989, 71, 3, 261, '2023-02-04 01:23:15', '2023-02-04 01:23:15'),
(990, 71, 4, 0, '2023-02-04 01:23:15', '2023-02-04 01:23:15'),
(991, 71, 5, 0, '2023-02-04 01:23:15', '2023-02-04 01:23:15'),
(992, 71, 6, 0, '2023-02-04 01:23:15', '2023-02-04 01:23:15'),
(993, 71, 7, 0, '2023-02-04 01:23:15', '2023-02-04 01:23:15'),
(994, 71, 8, 0, '2023-02-04 01:23:15', '2023-02-04 01:23:15'),
(995, 71, 9, 0, '2023-02-04 01:23:15', '2023-02-04 01:23:15'),
(996, 71, 10, 0, '2023-02-04 01:23:15', '2023-02-04 01:23:15'),
(997, 71, 11, 0, '2023-02-04 01:23:15', '2023-02-04 01:23:15'),
(998, 71, 12, 0, '2023-02-04 01:23:15', '2023-02-04 01:23:15'),
(999, 71, 13, 0, '2023-02-04 01:23:15', '2023-02-04 01:23:15'),
(1000, 71, 14, 0, '2023-02-04 01:23:15', '2023-02-04 01:23:15'),
(1001, 72, 1, 1000, '2023-02-04 01:23:54', '2023-02-04 01:23:54'),
(1002, 72, 2, 0, '2023-02-04 01:23:54', '2023-02-04 01:23:54'),
(1003, 72, 3, 0, '2023-02-04 01:23:54', '2023-02-04 01:23:54'),
(1004, 72, 4, 0, '2023-02-04 01:23:54', '2023-02-04 01:23:54'),
(1005, 72, 5, 0, '2023-02-04 01:23:54', '2023-02-04 01:23:54'),
(1006, 72, 6, 0, '2023-02-04 01:23:54', '2023-02-04 01:23:54'),
(1007, 72, 7, 0, '2023-02-04 01:23:54', '2023-02-04 01:23:54'),
(1008, 72, 8, 0, '2023-02-04 01:23:54', '2023-02-04 01:23:54'),
(1009, 72, 9, 0, '2023-02-04 01:23:54', '2023-02-04 01:23:54'),
(1010, 72, 10, 0, '2023-02-04 01:23:54', '2023-02-04 01:23:54'),
(1011, 72, 11, 0, '2023-02-04 01:23:54', '2023-02-04 01:23:54'),
(1012, 72, 12, 0, '2023-02-04 01:23:54', '2023-02-04 01:23:54'),
(1013, 72, 13, 0, '2023-02-04 01:23:54', '2023-02-04 01:23:54'),
(1014, 72, 14, 0, '2023-02-04 01:23:54', '2023-02-04 01:23:54'),
(1015, 73, 1, 100, '2023-02-04 01:24:21', '2023-02-04 01:24:21'),
(1016, 73, 2, 100, '2023-02-04 01:24:21', '2023-02-04 01:24:21'),
(1017, 73, 3, 300, '2023-02-04 01:24:21', '2023-02-04 01:24:21'),
(1018, 73, 4, 0, '2023-02-04 01:24:21', '2023-02-04 01:24:21'),
(1019, 73, 5, 0, '2023-02-04 01:24:21', '2023-02-04 01:24:21'),
(1020, 73, 6, 0, '2023-02-04 01:24:21', '2023-02-04 01:24:21'),
(1021, 73, 7, 0, '2023-02-04 01:24:21', '2023-02-04 01:24:21'),
(1022, 73, 8, 50, '2023-02-04 01:24:21', '2023-02-04 01:24:21'),
(1023, 73, 9, 50, '2023-02-04 01:24:21', '2023-02-04 01:24:21'),
(1024, 73, 10, 0, '2023-02-04 01:24:21', '2023-02-04 01:24:21'),
(1025, 73, 11, 0, '2023-02-04 01:24:21', '2023-02-04 01:24:21'),
(1026, 73, 12, 0, '2023-02-04 01:24:21', '2023-02-04 01:24:21'),
(1027, 73, 13, 0, '2023-02-04 01:24:21', '2023-02-04 01:24:21'),
(1028, 73, 14, 0, '2023-02-04 01:24:21', '2023-02-04 01:24:21'),
(1043, 75, 1, 50, '2023-02-04 01:25:05', '2023-02-04 01:25:05'),
(1044, 75, 2, 0, '2023-02-04 01:25:05', '2023-02-04 01:25:05'),
(1045, 75, 3, 50, '2023-02-04 01:25:05', '2023-02-04 01:25:05'),
(1046, 75, 4, 0, '2023-02-04 01:25:05', '2023-02-04 01:25:05'),
(1047, 75, 5, 0, '2023-02-04 01:25:05', '2023-02-04 01:25:05'),
(1048, 75, 6, 0, '2023-02-04 01:25:05', '2023-02-04 01:25:05'),
(1049, 75, 7, 0, '2023-02-04 01:25:05', '2023-02-04 01:25:05'),
(1050, 75, 8, 0, '2023-02-04 01:25:05', '2023-02-04 01:25:05'),
(1051, 75, 9, 0, '2023-02-04 01:25:05', '2023-02-04 01:25:05'),
(1052, 75, 10, 0, '2023-02-04 01:25:05', '2023-02-04 01:25:05'),
(1053, 75, 11, 0, '2023-02-04 01:25:05', '2023-02-04 01:25:05'),
(1054, 75, 12, 0, '2023-02-04 01:25:05', '2023-02-04 01:25:05'),
(1055, 75, 13, 0, '2023-02-04 01:25:05', '2023-02-04 01:25:05'),
(1056, 75, 14, 0, '2023-02-04 01:25:05', '2023-02-04 01:25:05'),
(1060, 76, 1, 600, '2023-02-04 01:27:15', '2023-02-04 01:27:15'),
(1061, 76, 2, 0, '2023-02-04 01:27:15', '2023-02-04 01:27:15'),
(1062, 76, 3, 0, '2023-02-04 01:27:15', '2023-02-04 01:27:15'),
(1063, 76, 4, 25, '2023-02-04 01:27:15', '2023-02-04 01:27:15'),
(1064, 76, 5, 0, '2023-02-04 01:27:15', '2023-02-04 01:27:15'),
(1065, 76, 6, 0, '2023-02-04 01:27:15', '2023-02-04 01:27:15'),
(1066, 76, 7, 0, '2023-02-04 01:27:15', '2023-02-04 01:27:15'),
(1067, 76, 8, 0, '2023-02-04 01:27:15', '2023-02-04 01:27:15'),
(1068, 76, 9, 0, '2023-02-04 01:27:15', '2023-02-04 01:27:15'),
(1069, 76, 10, 0, '2023-02-04 01:27:15', '2023-02-04 01:27:15'),
(1070, 76, 11, 0, '2023-02-04 01:27:15', '2023-02-04 01:27:15'),
(1071, 76, 12, 0, '2023-02-04 01:27:15', '2023-02-04 01:27:15'),
(1072, 76, 13, 0, '2023-02-04 01:27:15', '2023-02-04 01:27:15'),
(1073, 76, 14, 25, '2023-02-04 01:27:15', '2023-02-04 01:27:15'),
(1074, 77, 1, 0, '2023-02-04 01:27:39', '2023-02-04 01:27:39'),
(1075, 77, 2, 500, '2023-02-04 01:27:39', '2023-02-04 01:27:39'),
(1076, 77, 3, 0, '2023-02-04 01:27:39', '2023-02-04 01:27:39'),
(1077, 77, 4, 0, '2023-02-04 01:27:39', '2023-02-04 01:27:39'),
(1078, 77, 5, 0, '2023-02-04 01:27:39', '2023-02-04 01:27:39'),
(1079, 77, 6, 0, '2023-02-04 01:27:39', '2023-02-04 01:27:39'),
(1080, 77, 7, 0, '2023-02-04 01:27:39', '2023-02-04 01:27:39'),
(1081, 77, 8, 0, '2023-02-04 01:27:39', '2023-02-04 01:27:39'),
(1082, 77, 9, 0, '2023-02-04 01:27:39', '2023-02-04 01:27:39'),
(1083, 77, 10, 0, '2023-02-04 01:27:39', '2023-02-04 01:27:39'),
(1084, 77, 11, 0, '2023-02-04 01:27:39', '2023-02-04 01:27:39'),
(1085, 77, 12, 0, '2023-02-04 01:27:39', '2023-02-04 01:27:39'),
(1086, 77, 13, 0, '2023-02-04 01:27:39', '2023-02-04 01:27:39'),
(1087, 77, 14, 0, '2023-02-04 01:27:39', '2023-02-04 01:27:39'),
(1088, 38, 1, 1350, '2023-02-04 01:40:09', '2023-02-04 01:40:09'),
(1089, 38, 2, 210, '2023-02-04 01:40:09', '2023-02-04 01:40:09'),
(1090, 38, 3, 100, '2023-02-04 01:40:09', '2023-02-04 01:40:09'),
(1091, 38, 4, 0, '2023-02-04 01:40:09', '2023-02-04 01:40:09'),
(1092, 38, 5, 30, '2023-02-04 01:40:09', '2023-02-04 01:40:09'),
(1093, 38, 6, 30, '2023-02-04 01:40:09', '2023-02-04 01:40:09'),
(1094, 38, 7, 0, '2023-02-04 01:40:09', '2023-02-04 01:40:09'),
(1095, 38, 8, 0, '2023-02-04 01:40:09', '2023-02-04 01:40:09'),
(1096, 38, 9, 0, '2023-02-04 01:40:09', '2023-02-04 01:40:09'),
(1097, 38, 10, 0, '2023-02-04 01:40:09', '2023-02-04 01:40:09'),
(1098, 38, 11, 0, '2023-02-04 01:40:09', '2023-02-04 01:40:09'),
(1099, 38, 12, 30, '2023-02-04 01:40:09', '2023-02-04 01:40:09'),
(1100, 38, 13, 0, '2023-02-04 01:40:09', '2023-02-04 01:40:09'),
(1101, 38, 14, 0, '2023-02-04 01:40:09', '2023-02-04 01:40:09'),
(1102, 74, 1, 0, '2023-02-04 01:40:44', '2023-02-04 01:40:44'),
(1103, 74, 2, 100, '2023-02-04 01:40:44', '2023-02-04 01:40:44'),
(1104, 74, 3, 0, '2023-02-04 01:40:44', '2023-02-04 01:40:44'),
(1105, 74, 4, 0, '2023-02-04 01:40:44', '2023-02-04 01:40:44'),
(1106, 74, 5, 50, '2023-02-04 01:40:44', '2023-02-04 01:40:44'),
(1107, 74, 6, 50, '2023-02-04 01:40:44', '2023-02-04 01:40:44'),
(1108, 74, 7, 0, '2023-02-04 01:40:44', '2023-02-04 01:40:44'),
(1109, 74, 8, 0, '2023-02-04 01:40:44', '2023-02-04 01:40:44'),
(1110, 74, 9, 0, '2023-02-04 01:40:44', '2023-02-04 01:40:44'),
(1111, 74, 10, 0, '2023-02-04 01:40:44', '2023-02-04 01:40:44'),
(1112, 74, 11, 0, '2023-02-04 01:40:44', '2023-02-04 01:40:44'),
(1113, 74, 12, 0, '2023-02-04 01:40:44', '2023-02-04 01:40:44'),
(1114, 74, 13, 0, '2023-02-04 01:40:44', '2023-02-04 01:40:44'),
(1115, 74, 14, 0, '2023-02-04 01:40:44', '2023-02-04 01:40:44'),
(1116, 78, 1, 2000, '2023-02-04 09:10:50', '2023-02-04 09:10:50'),
(1117, 78, 2, 0, '2023-02-04 09:10:50', '2023-02-04 09:10:50'),
(1118, 78, 3, 0, '2023-02-04 09:10:50', '2023-02-04 09:10:50'),
(1119, 78, 4, 0, '2023-02-04 09:10:50', '2023-02-04 09:10:50'),
(1120, 78, 5, 0, '2023-02-04 09:10:50', '2023-02-04 09:10:50'),
(1121, 78, 6, 0, '2023-02-04 09:10:50', '2023-02-04 09:10:50'),
(1122, 78, 7, 0, '2023-02-04 09:10:50', '2023-02-04 09:10:50'),
(1123, 78, 8, 0, '2023-02-04 09:10:50', '2023-02-04 09:10:50'),
(1124, 78, 9, 0, '2023-02-04 09:10:50', '2023-02-04 09:10:50'),
(1125, 78, 10, 0, '2023-02-04 09:10:50', '2023-02-04 09:10:50'),
(1126, 78, 11, 0, '2023-02-04 09:10:50', '2023-02-04 09:10:50'),
(1127, 78, 12, 0, '2023-02-04 09:10:50', '2023-02-04 09:10:50'),
(1128, 78, 13, 0, '2023-02-04 09:10:50', '2023-02-04 09:10:50'),
(1129, 78, 14, 0, '2023-02-04 09:10:50', '2023-02-04 09:10:50'),
(1130, 79, 1, 500, '2023-02-04 09:11:18', '2023-02-04 09:11:18'),
(1131, 79, 2, 0, '2023-02-04 09:11:18', '2023-02-04 09:11:18'),
(1132, 79, 3, 0, '2023-02-04 09:11:18', '2023-02-04 09:11:18'),
(1133, 79, 4, 0, '2023-02-04 09:11:18', '2023-02-04 09:11:18'),
(1134, 79, 5, 0, '2023-02-04 09:11:18', '2023-02-04 09:11:18'),
(1135, 79, 6, 0, '2023-02-04 09:11:18', '2023-02-04 09:11:18'),
(1136, 79, 7, 0, '2023-02-04 09:11:18', '2023-02-04 09:11:18'),
(1137, 79, 8, 0, '2023-02-04 09:11:18', '2023-02-04 09:11:18'),
(1138, 79, 9, 0, '2023-02-04 09:11:18', '2023-02-04 09:11:18'),
(1139, 79, 10, 0, '2023-02-04 09:11:18', '2023-02-04 09:11:18'),
(1140, 79, 11, 0, '2023-02-04 09:11:18', '2023-02-04 09:11:18'),
(1141, 79, 12, 0, '2023-02-04 09:11:18', '2023-02-04 09:11:18'),
(1142, 79, 13, 0, '2023-02-04 09:11:18', '2023-02-04 09:11:18'),
(1143, 79, 14, 0, '2023-02-04 09:11:18', '2023-02-04 09:11:18'),
(1144, 80, 1, 0, '2023-02-04 09:11:29', '2023-02-04 09:11:29'),
(1145, 80, 2, 0, '2023-02-04 09:11:29', '2023-02-04 09:11:29'),
(1146, 80, 3, 0, '2023-02-04 09:11:29', '2023-02-04 09:11:29'),
(1147, 80, 4, 0, '2023-02-04 09:11:29', '2023-02-04 09:11:29'),
(1148, 80, 5, 0, '2023-02-04 09:11:29', '2023-02-04 09:11:29'),
(1149, 80, 6, 0, '2023-02-04 09:11:29', '2023-02-04 09:11:29'),
(1150, 80, 7, 0, '2023-02-04 09:11:29', '2023-02-04 09:11:29'),
(1151, 80, 8, 233, '2023-02-04 09:11:29', '2023-02-04 09:11:29'),
(1152, 80, 9, 0, '2023-02-04 09:11:29', '2023-02-04 09:11:29'),
(1153, 80, 10, 0, '2023-02-04 09:11:29', '2023-02-04 09:11:29'),
(1154, 80, 11, 0, '2023-02-04 09:11:29', '2023-02-04 09:11:29'),
(1155, 80, 12, 0, '2023-02-04 09:11:29', '2023-02-04 09:11:29'),
(1156, 80, 13, 0, '2023-02-04 09:11:29', '2023-02-04 09:11:29'),
(1157, 80, 14, 0, '2023-02-04 09:11:29', '2023-02-04 09:11:29'),
(1158, 81, 1, 0, '2023-02-04 09:11:47', '2023-02-04 09:11:47'),
(1159, 81, 2, 4917, '2023-02-04 09:11:47', '2023-02-04 09:11:47'),
(1160, 81, 3, 0, '2023-02-04 09:11:47', '2023-02-04 09:11:47'),
(1161, 81, 4, 0, '2023-02-04 09:11:47', '2023-02-04 09:11:47'),
(1162, 81, 5, 0, '2023-02-04 09:11:47', '2023-02-04 09:11:47'),
(1163, 81, 6, 0, '2023-02-04 09:11:47', '2023-02-04 09:11:47'),
(1164, 81, 7, 0, '2023-02-04 09:11:47', '2023-02-04 09:11:47'),
(1165, 81, 8, 0, '2023-02-04 09:11:47', '2023-02-04 09:11:47'),
(1166, 81, 9, 0, '2023-02-04 09:11:47', '2023-02-04 09:11:47'),
(1167, 81, 10, 0, '2023-02-04 09:11:47', '2023-02-04 09:11:47'),
(1168, 81, 11, 0, '2023-02-04 09:11:47', '2023-02-04 09:11:47'),
(1169, 81, 12, 0, '2023-02-04 09:11:47', '2023-02-04 09:11:47'),
(1170, 81, 13, 0, '2023-02-04 09:11:47', '2023-02-04 09:11:47'),
(1171, 81, 14, 0, '2023-02-04 09:11:47', '2023-02-04 09:11:47'),
(1172, 82, 1, 0, '2023-02-04 09:12:02', '2023-02-04 09:12:02'),
(1173, 82, 2, 0, '2023-02-04 09:12:02', '2023-02-04 09:12:02'),
(1174, 82, 3, 0, '2023-02-04 09:12:02', '2023-02-04 09:12:02'),
(1175, 82, 4, 0, '2023-02-04 09:12:02', '2023-02-04 09:12:02'),
(1176, 82, 5, 0, '2023-02-04 09:12:02', '2023-02-04 09:12:02'),
(1177, 82, 6, 1200, '2023-02-04 09:12:02', '2023-02-04 09:12:02'),
(1178, 82, 7, 0, '2023-02-04 09:12:02', '2023-02-04 09:12:02'),
(1179, 82, 8, 0, '2023-02-04 09:12:02', '2023-02-04 09:12:02'),
(1180, 82, 9, 0, '2023-02-04 09:12:02', '2023-02-04 09:12:02'),
(1181, 82, 10, 0, '2023-02-04 09:12:02', '2023-02-04 09:12:02'),
(1182, 82, 11, 0, '2023-02-04 09:12:02', '2023-02-04 09:12:02'),
(1183, 82, 12, 0, '2023-02-04 09:12:02', '2023-02-04 09:12:02'),
(1184, 82, 13, 0, '2023-02-04 09:12:02', '2023-02-04 09:12:02'),
(1185, 82, 14, 0, '2023-02-04 09:12:02', '2023-02-04 09:12:02'),
(1186, 83, 1, 0, '2023-02-04 09:12:16', '2023-02-04 09:12:16'),
(1187, 83, 2, 0, '2023-02-04 09:12:16', '2023-02-04 09:12:16'),
(1188, 83, 3, 0, '2023-02-04 09:12:16', '2023-02-04 09:12:16'),
(1189, 83, 4, 0, '2023-02-04 09:12:16', '2023-02-04 09:12:16'),
(1190, 83, 5, 0, '2023-02-04 09:12:16', '2023-02-04 09:12:16'),
(1191, 83, 6, 0, '2023-02-04 09:12:16', '2023-02-04 09:12:16'),
(1192, 83, 7, 1080, '2023-02-04 09:12:16', '2023-02-04 09:12:16'),
(1193, 83, 8, 0, '2023-02-04 09:12:16', '2023-02-04 09:12:16'),
(1194, 83, 9, 0, '2023-02-04 09:12:16', '2023-02-04 09:12:16'),
(1195, 83, 10, 0, '2023-02-04 09:12:16', '2023-02-04 09:12:16'),
(1196, 83, 11, 0, '2023-02-04 09:12:16', '2023-02-04 09:12:16'),
(1197, 83, 12, 0, '2023-02-04 09:12:16', '2023-02-04 09:12:16'),
(1198, 83, 13, 0, '2023-02-04 09:12:16', '2023-02-04 09:12:16'),
(1199, 83, 14, 0, '2023-02-04 09:12:16', '2023-02-04 09:12:16'),
(1200, 84, 1, 0, '2023-02-04 09:12:36', '2023-02-04 09:12:36'),
(1201, 84, 2, 0, '2023-02-04 09:12:36', '2023-02-04 09:12:36'),
(1202, 84, 3, 0, '2023-02-04 09:12:36', '2023-02-04 09:12:36'),
(1203, 84, 4, 0, '2023-02-04 09:12:36', '2023-02-04 09:12:36'),
(1204, 84, 5, 0, '2023-02-04 09:12:36', '2023-02-04 09:12:36'),
(1205, 84, 6, 940, '2023-02-04 09:12:36', '2023-02-04 09:12:36'),
(1206, 84, 7, 0, '2023-02-04 09:12:36', '2023-02-04 09:12:36'),
(1207, 84, 8, 0, '2023-02-04 09:12:36', '2023-02-04 09:12:36'),
(1208, 84, 9, 0, '2023-02-04 09:12:36', '2023-02-04 09:12:36'),
(1209, 84, 10, 0, '2023-02-04 09:12:36', '2023-02-04 09:12:36'),
(1210, 84, 11, 0, '2023-02-04 09:12:36', '2023-02-04 09:12:36'),
(1211, 84, 12, 0, '2023-02-04 09:12:36', '2023-02-04 09:12:36'),
(1212, 84, 13, 0, '2023-02-04 09:12:36', '2023-02-04 09:12:36'),
(1213, 84, 14, 0, '2023-02-04 09:12:36', '2023-02-04 09:12:36'),
(1214, 85, 1, 0, '2023-02-04 09:13:03', '2023-02-04 09:13:03'),
(1215, 85, 2, 0, '2023-02-04 09:13:03', '2023-02-04 09:13:03'),
(1216, 85, 3, 0, '2023-02-04 09:13:03', '2023-02-04 09:13:03'),
(1217, 85, 4, 0, '2023-02-04 09:13:03', '2023-02-04 09:13:03'),
(1218, 85, 5, 12575, '2023-02-04 09:13:03', '2023-02-04 09:13:03'),
(1219, 85, 6, 0, '2023-02-04 09:13:03', '2023-02-04 09:13:03'),
(1220, 85, 7, 0, '2023-02-04 09:13:03', '2023-02-04 09:13:03'),
(1221, 85, 8, 0, '2023-02-04 09:13:03', '2023-02-04 09:13:03'),
(1222, 85, 9, 0, '2023-02-04 09:13:03', '2023-02-04 09:13:03'),
(1223, 85, 10, 0, '2023-02-04 09:13:03', '2023-02-04 09:13:03'),
(1224, 85, 11, 0, '2023-02-04 09:13:03', '2023-02-04 09:13:03'),
(1225, 85, 12, 0, '2023-02-04 09:13:03', '2023-02-04 09:13:03'),
(1226, 85, 13, 0, '2023-02-04 09:13:03', '2023-02-04 09:13:03'),
(1227, 85, 14, 0, '2023-02-04 09:13:03', '2023-02-04 09:13:03'),
(1228, 86, 1, 100, '2023-02-04 09:13:23', '2023-02-04 09:13:23'),
(1229, 86, 2, 100, '2023-02-04 09:13:23', '2023-02-04 09:13:23'),
(1230, 86, 3, 0, '2023-02-04 09:13:23', '2023-02-04 09:13:23'),
(1231, 86, 4, 0, '2023-02-04 09:13:23', '2023-02-04 09:13:23'),
(1232, 86, 5, 0, '2023-02-04 09:13:23', '2023-02-04 09:13:23'),
(1233, 86, 6, 0, '2023-02-04 09:13:23', '2023-02-04 09:13:23'),
(1234, 86, 7, 0, '2023-02-04 09:13:23', '2023-02-04 09:13:23'),
(1235, 86, 8, 0, '2023-02-04 09:13:23', '2023-02-04 09:13:23'),
(1236, 86, 9, 0, '2023-02-04 09:13:23', '2023-02-04 09:13:23'),
(1237, 86, 10, 0, '2023-02-04 09:13:23', '2023-02-04 09:13:23'),
(1238, 86, 11, 0, '2023-02-04 09:13:23', '2023-02-04 09:13:23'),
(1239, 86, 12, 0, '2023-02-04 09:13:23', '2023-02-04 09:13:23'),
(1240, 86, 13, 0, '2023-02-04 09:13:23', '2023-02-04 09:13:23'),
(1241, 86, 14, 0, '2023-02-04 09:13:23', '2023-02-04 09:13:23'),
(1242, 87, 1, 300, '2023-02-04 09:13:46', '2023-02-04 09:13:46'),
(1243, 87, 2, 0, '2023-02-04 09:13:46', '2023-02-04 09:13:46'),
(1244, 87, 3, 0, '2023-02-04 09:13:46', '2023-02-04 09:13:46'),
(1245, 87, 4, 0, '2023-02-04 09:13:46', '2023-02-04 09:13:46'),
(1246, 87, 5, 0, '2023-02-04 09:13:46', '2023-02-04 09:13:46'),
(1247, 87, 6, 0, '2023-02-04 09:13:46', '2023-02-04 09:13:46'),
(1248, 87, 7, 0, '2023-02-04 09:13:46', '2023-02-04 09:13:46'),
(1249, 87, 8, 0, '2023-02-04 09:13:46', '2023-02-04 09:13:46'),
(1250, 87, 9, 0, '2023-02-04 09:13:46', '2023-02-04 09:13:46'),
(1251, 87, 10, 0, '2023-02-04 09:13:46', '2023-02-04 09:13:46'),
(1252, 87, 11, 0, '2023-02-04 09:13:46', '2023-02-04 09:13:46'),
(1253, 87, 12, 0, '2023-02-04 09:13:46', '2023-02-04 09:13:46'),
(1254, 87, 13, 0, '2023-02-04 09:13:46', '2023-02-04 09:13:46'),
(1255, 87, 14, 0, '2023-02-04 09:13:46', '2023-02-04 09:13:46'),
(1256, 88, 1, 4000, '2023-02-04 09:14:20', '2023-02-04 09:14:20'),
(1257, 88, 2, 0, '2023-02-04 09:14:20', '2023-02-04 09:14:20'),
(1258, 88, 3, 0, '2023-02-04 09:14:20', '2023-02-04 09:14:20'),
(1259, 88, 4, 0, '2023-02-04 09:14:20', '2023-02-04 09:14:20'),
(1260, 88, 5, 0, '2023-02-04 09:14:20', '2023-02-04 09:14:20'),
(1261, 88, 6, 0, '2023-02-04 09:14:20', '2023-02-04 09:14:20'),
(1262, 88, 7, 0, '2023-02-04 09:14:20', '2023-02-04 09:14:20'),
(1263, 88, 8, 0, '2023-02-04 09:14:20', '2023-02-04 09:14:20'),
(1264, 88, 9, 0, '2023-02-04 09:14:20', '2023-02-04 09:14:20'),
(1265, 88, 10, 0, '2023-02-04 09:14:20', '2023-02-04 09:14:20'),
(1266, 88, 11, 0, '2023-02-04 09:14:20', '2023-02-04 09:14:20'),
(1267, 88, 12, 0, '2023-02-04 09:14:20', '2023-02-04 09:14:20'),
(1268, 88, 13, 0, '2023-02-04 09:14:20', '2023-02-04 09:14:20'),
(1269, 88, 14, 0, '2023-02-04 09:14:20', '2023-02-04 09:14:20'),
(1270, 89, 1, 100, '2023-02-04 09:14:42', '2023-02-04 09:14:42'),
(1271, 89, 2, 0, '2023-02-04 09:14:42', '2023-02-04 09:14:42'),
(1272, 89, 3, 0, '2023-02-04 09:14:42', '2023-02-04 09:14:42'),
(1273, 89, 4, 0, '2023-02-04 09:14:42', '2023-02-04 09:14:42'),
(1274, 89, 5, 0, '2023-02-04 09:14:42', '2023-02-04 09:14:42'),
(1275, 89, 6, 0, '2023-02-04 09:14:42', '2023-02-04 09:14:42'),
(1276, 89, 7, 0, '2023-02-04 09:14:42', '2023-02-04 09:14:42'),
(1277, 89, 8, 0, '2023-02-04 09:14:42', '2023-02-04 09:14:42'),
(1278, 89, 9, 0, '2023-02-04 09:14:42', '2023-02-04 09:14:42'),
(1279, 89, 10, 0, '2023-02-04 09:14:42', '2023-02-04 09:14:42'),
(1280, 89, 11, 0, '2023-02-04 09:14:42', '2023-02-04 09:14:42'),
(1281, 89, 12, 0, '2023-02-04 09:14:42', '2023-02-04 09:14:42'),
(1282, 89, 13, 0, '2023-02-04 09:14:42', '2023-02-04 09:14:42'),
(1283, 89, 14, 0, '2023-02-04 09:14:42', '2023-02-04 09:14:42'),
(1284, 90, 1, 170, '2023-02-04 09:15:16', '2023-02-04 09:15:16'),
(1285, 90, 2, 70, '2023-02-04 09:15:16', '2023-02-04 09:15:16'),
(1286, 90, 3, 0, '2023-02-04 09:15:16', '2023-02-04 09:15:16'),
(1287, 90, 4, 0, '2023-02-04 09:15:16', '2023-02-04 09:15:16'),
(1288, 90, 5, 0, '2023-02-04 09:15:16', '2023-02-04 09:15:16'),
(1289, 90, 6, 0, '2023-02-04 09:15:16', '2023-02-04 09:15:16'),
(1290, 90, 7, 0, '2023-02-04 09:15:16', '2023-02-04 09:15:16'),
(1291, 90, 8, 0, '2023-02-04 09:15:16', '2023-02-04 09:15:16'),
(1292, 90, 9, 0, '2023-02-04 09:15:16', '2023-02-04 09:15:16'),
(1293, 90, 10, 0, '2023-02-04 09:15:16', '2023-02-04 09:15:16'),
(1294, 90, 11, 0, '2023-02-04 09:15:16', '2023-02-04 09:15:16'),
(1295, 90, 12, 0, '2023-02-04 09:15:16', '2023-02-04 09:15:16'),
(1296, 90, 13, 0, '2023-02-04 09:15:16', '2023-02-04 09:15:16'),
(1297, 90, 14, 0, '2023-02-04 09:15:16', '2023-02-04 09:15:16'),
(1298, 91, 1, 0, '2023-02-04 09:15:39', '2023-02-04 09:15:39'),
(1299, 91, 2, 100, '2023-02-04 09:15:39', '2023-02-04 09:15:39'),
(1300, 91, 3, 50, '2023-02-04 09:15:39', '2023-02-04 09:15:39'),
(1301, 91, 4, 0, '2023-02-04 09:15:39', '2023-02-04 09:15:39'),
(1302, 91, 5, 0, '2023-02-04 09:15:39', '2023-02-04 09:15:39'),
(1303, 91, 6, 0, '2023-02-04 09:15:39', '2023-02-04 09:15:39'),
(1304, 91, 7, 0, '2023-02-04 09:15:39', '2023-02-04 09:15:39'),
(1305, 91, 8, 50, '2023-02-04 09:15:39', '2023-02-04 09:15:39'),
(1306, 91, 9, 0, '2023-02-04 09:15:39', '2023-02-04 09:15:39'),
(1307, 91, 10, 0, '2023-02-04 09:15:39', '2023-02-04 09:15:39'),
(1308, 91, 11, 0, '2023-02-04 09:15:39', '2023-02-04 09:15:39'),
(1309, 91, 12, 50, '2023-02-04 09:15:39', '2023-02-04 09:15:39'),
(1310, 91, 13, 0, '2023-02-04 09:15:39', '2023-02-04 09:15:39'),
(1311, 91, 14, 0, '2023-02-04 09:15:39', '2023-02-04 09:15:39'),
(1312, 92, 1, 0, '2023-02-04 09:15:55', '2023-02-04 09:15:55'),
(1313, 92, 2, 500, '2023-02-04 09:15:55', '2023-02-04 09:15:55'),
(1314, 92, 3, 0, '2023-02-04 09:15:55', '2023-02-04 09:15:55'),
(1315, 92, 4, 0, '2023-02-04 09:15:55', '2023-02-04 09:15:55'),
(1316, 92, 5, 0, '2023-02-04 09:15:55', '2023-02-04 09:15:55'),
(1317, 92, 6, 0, '2023-02-04 09:15:55', '2023-02-04 09:15:55'),
(1318, 92, 7, 0, '2023-02-04 09:15:55', '2023-02-04 09:15:55'),
(1319, 92, 8, 0, '2023-02-04 09:15:55', '2023-02-04 09:15:55'),
(1320, 92, 9, 0, '2023-02-04 09:15:55', '2023-02-04 09:15:55'),
(1321, 92, 10, 0, '2023-02-04 09:15:55', '2023-02-04 09:15:55'),
(1322, 92, 11, 0, '2023-02-04 09:15:55', '2023-02-04 09:15:55'),
(1323, 92, 12, 0, '2023-02-04 09:15:55', '2023-02-04 09:15:55'),
(1324, 92, 13, 0, '2023-02-04 09:15:55', '2023-02-04 09:15:55'),
(1325, 92, 14, 0, '2023-02-04 09:15:55', '2023-02-04 09:15:55'),
(1326, 93, 1, 0, '2023-02-04 15:51:31', '2023-02-04 15:51:31'),
(1327, 93, 2, 20, '2023-02-04 15:51:31', '2023-02-04 15:51:31'),
(1328, 93, 3, 0, '2023-02-04 15:51:31', '2023-02-04 15:51:31'),
(1329, 93, 4, 0, '2023-02-04 15:51:31', '2023-02-04 15:51:31'),
(1330, 93, 5, 0, '2023-02-04 15:51:31', '2023-02-04 15:51:31'),
(1331, 93, 6, 0, '2023-02-04 15:51:31', '2023-02-04 15:51:31'),
(1332, 93, 7, 0, '2023-02-04 15:51:31', '2023-02-04 15:51:31'),
(1333, 93, 8, 0, '2023-02-04 15:51:31', '2023-02-04 15:51:31'),
(1334, 93, 9, 0, '2023-02-04 15:51:31', '2023-02-04 15:51:31'),
(1335, 93, 10, 0, '2023-02-04 15:51:31', '2023-02-04 15:51:31'),
(1336, 93, 11, 0, '2023-02-04 15:51:31', '2023-02-04 15:51:31'),
(1337, 93, 12, 0, '2023-02-04 15:51:31', '2023-02-04 15:51:31'),
(1338, 93, 13, 0, '2023-02-04 15:51:31', '2023-02-04 15:51:31'),
(1339, 93, 14, 0, '2023-02-04 15:51:31', '2023-02-04 15:51:31'),
(1340, 94, 1, 470, '2023-02-04 15:51:55', '2023-02-04 15:51:55'),
(1341, 94, 2, 0, '2023-02-04 15:51:55', '2023-02-04 15:51:55'),
(1342, 94, 3, 0, '2023-02-04 15:51:55', '2023-02-04 15:51:55'),
(1343, 94, 4, 0, '2023-02-04 15:51:55', '2023-02-04 15:51:55'),
(1344, 94, 5, 0, '2023-02-04 15:51:55', '2023-02-04 15:51:55'),
(1345, 94, 6, 0, '2023-02-04 15:51:55', '2023-02-04 15:51:55'),
(1346, 94, 7, 0, '2023-02-04 15:51:55', '2023-02-04 15:51:55'),
(1347, 94, 8, 0, '2023-02-04 15:51:55', '2023-02-04 15:51:55'),
(1348, 94, 9, 0, '2023-02-04 15:51:55', '2023-02-04 15:51:55'),
(1349, 94, 10, 0, '2023-02-04 15:51:55', '2023-02-04 15:51:55'),
(1350, 94, 11, 0, '2023-02-04 15:51:55', '2023-02-04 15:51:55'),
(1351, 94, 12, 0, '2023-02-04 15:51:55', '2023-02-04 15:51:55'),
(1352, 94, 13, 0, '2023-02-04 15:51:55', '2023-02-04 15:51:55'),
(1353, 94, 14, 0, '2023-02-04 15:51:55', '2023-02-04 15:51:55'),
(1354, 95, 1, 350, '2023-02-04 15:52:41', '2023-02-04 15:52:41'),
(1355, 95, 2, 199.99, '2023-02-04 15:52:41', '2023-02-04 15:52:41'),
(1356, 95, 3, 200, '2023-02-04 15:52:41', '2023-02-04 15:52:41'),
(1357, 95, 4, 0, '2023-02-04 15:52:41', '2023-02-04 15:52:41'),
(1358, 95, 5, 0, '2023-02-04 15:52:41', '2023-02-04 15:52:41'),
(1359, 95, 6, 0, '2023-02-04 15:52:41', '2023-02-04 15:52:41'),
(1360, 95, 7, 0, '2023-02-04 15:52:41', '2023-02-04 15:52:41'),
(1361, 95, 8, 0, '2023-02-04 15:52:41', '2023-02-04 15:52:41'),
(1362, 95, 9, 0, '2023-02-04 15:52:41', '2023-02-04 15:52:41'),
(1363, 95, 10, 0, '2023-02-04 15:52:41', '2023-02-04 15:52:41'),
(1364, 95, 11, 0, '2023-02-04 15:52:41', '2023-02-04 15:52:41'),
(1365, 95, 12, 0, '2023-02-04 15:52:41', '2023-02-04 15:52:41'),
(1366, 95, 13, 0, '2023-02-04 15:52:41', '2023-02-04 15:52:41'),
(1367, 95, 14, 0, '2023-02-04 15:52:41', '2023-02-04 15:52:41'),
(1368, 96, 1, 50, '2023-02-04 15:54:11', '2023-02-04 15:54:11'),
(1369, 96, 2, 100, '2023-02-04 15:54:11', '2023-02-04 15:54:11'),
(1370, 96, 3, 0, '2023-02-04 15:54:11', '2023-02-04 15:54:11'),
(1371, 96, 4, 0, '2023-02-04 15:54:11', '2023-02-04 15:54:11'),
(1372, 96, 5, 0, '2023-02-04 15:54:11', '2023-02-04 15:54:11'),
(1373, 96, 6, 0, '2023-02-04 15:54:11', '2023-02-04 15:54:11'),
(1374, 96, 7, 0, '2023-02-04 15:54:11', '2023-02-04 15:54:11'),
(1375, 96, 8, 0, '2023-02-04 15:54:11', '2023-02-04 15:54:11'),
(1376, 96, 9, 0, '2023-02-04 15:54:11', '2023-02-04 15:54:11'),
(1377, 96, 10, 0, '2023-02-04 15:54:11', '2023-02-04 15:54:11'),
(1378, 96, 11, 0, '2023-02-04 15:54:11', '2023-02-04 15:54:11'),
(1379, 96, 12, 0, '2023-02-04 15:54:11', '2023-02-04 15:54:11'),
(1380, 96, 13, 0, '2023-02-04 15:54:11', '2023-02-04 15:54:11'),
(1381, 96, 14, 0, '2023-02-04 15:54:11', '2023-02-04 15:54:11'),
(1382, 97, 1, 50, '2023-02-04 15:54:31', '2023-02-04 15:54:31'),
(1383, 97, 2, 20, '2023-02-04 15:54:31', '2023-02-04 15:54:31'),
(1384, 97, 3, 0, '2023-02-04 15:54:31', '2023-02-04 15:54:31'),
(1385, 97, 4, 0, '2023-02-04 15:54:31', '2023-02-04 15:54:31'),
(1386, 97, 5, 0, '2023-02-04 15:54:31', '2023-02-04 15:54:31'),
(1387, 97, 6, 0, '2023-02-04 15:54:31', '2023-02-04 15:54:31'),
(1388, 97, 7, 0, '2023-02-04 15:54:31', '2023-02-04 15:54:31'),
(1389, 97, 8, 30, '2023-02-04 15:54:31', '2023-02-04 15:54:31'),
(1390, 97, 9, 0, '2023-02-04 15:54:31', '2023-02-04 15:54:31'),
(1391, 97, 10, 0, '2023-02-04 15:54:31', '2023-02-04 15:54:31'),
(1392, 97, 11, 0, '2023-02-04 15:54:31', '2023-02-04 15:54:31'),
(1393, 97, 12, 0, '2023-02-04 15:54:31', '2023-02-04 15:54:31'),
(1394, 97, 13, 0, '2023-02-04 15:54:31', '2023-02-04 15:54:31'),
(1395, 97, 14, 0, '2023-02-04 15:54:31', '2023-02-04 15:54:31'),
(1396, 98, 1, 1100, '2023-02-04 15:54:42', '2023-02-04 15:54:42'),
(1397, 98, 2, 0, '2023-02-04 15:54:42', '2023-02-04 15:54:42'),
(1398, 98, 3, 0, '2023-02-04 15:54:42', '2023-02-04 15:54:42'),
(1399, 98, 4, 0, '2023-02-04 15:54:42', '2023-02-04 15:54:42'),
(1400, 98, 5, 0, '2023-02-04 15:54:42', '2023-02-04 15:54:42'),
(1401, 98, 6, 0, '2023-02-04 15:54:42', '2023-02-04 15:54:42'),
(1402, 98, 7, 0, '2023-02-04 15:54:42', '2023-02-04 15:54:42'),
(1403, 98, 8, 0, '2023-02-04 15:54:42', '2023-02-04 15:54:42'),
(1404, 98, 9, 0, '2023-02-04 15:54:42', '2023-02-04 15:54:42'),
(1405, 98, 10, 0, '2023-02-04 15:54:42', '2023-02-04 15:54:42'),
(1406, 98, 11, 0, '2023-02-04 15:54:42', '2023-02-04 15:54:42'),
(1407, 98, 12, 0, '2023-02-04 15:54:42', '2023-02-04 15:54:42'),
(1408, 98, 13, 0, '2023-02-04 15:54:42', '2023-02-04 15:54:42'),
(1409, 98, 14, 0, '2023-02-04 15:54:42', '2023-02-04 15:54:42'),
(1410, 99, 1, 3000, '2023-02-04 15:55:20', '2023-02-04 15:55:20'),
(1411, 99, 2, 0, '2023-02-04 15:55:20', '2023-02-04 15:55:20'),
(1412, 99, 3, 0, '2023-02-04 15:55:20', '2023-02-04 15:55:20'),
(1413, 99, 4, 0, '2023-02-04 15:55:20', '2023-02-04 15:55:20'),
(1414, 99, 5, 0, '2023-02-04 15:55:20', '2023-02-04 15:55:20'),
(1415, 99, 6, 0, '2023-02-04 15:55:20', '2023-02-04 15:55:20'),
(1416, 99, 7, 0, '2023-02-04 15:55:20', '2023-02-04 15:55:20'),
(1417, 99, 8, 0, '2023-02-04 15:55:20', '2023-02-04 15:55:20'),
(1418, 99, 9, 0, '2023-02-04 15:55:20', '2023-02-04 15:55:20'),
(1419, 99, 10, 0, '2023-02-04 15:55:20', '2023-02-04 15:55:20'),
(1420, 99, 11, 0, '2023-02-04 15:55:20', '2023-02-04 15:55:20'),
(1421, 99, 12, 0, '2023-02-04 15:55:20', '2023-02-04 15:55:20'),
(1422, 99, 13, 0, '2023-02-04 15:55:20', '2023-02-04 15:55:20'),
(1423, 99, 14, 0, '2023-02-04 15:55:20', '2023-02-04 15:55:20'),
(1424, 100, 1, 200, '2023-02-04 15:55:42', '2023-02-04 15:55:42'),
(1425, 100, 2, 20, '2023-02-04 15:55:42', '2023-02-04 15:55:42'),
(1426, 100, 3, 0, '2023-02-04 15:55:42', '2023-02-04 15:55:42'),
(1427, 100, 4, 0, '2023-02-04 15:55:42', '2023-02-04 15:55:42'),
(1428, 100, 5, 0, '2023-02-04 15:55:42', '2023-02-04 15:55:42'),
(1429, 100, 6, 0, '2023-02-04 15:55:42', '2023-02-04 15:55:42'),
(1430, 100, 7, 0, '2023-02-04 15:55:42', '2023-02-04 15:55:42'),
(1431, 100, 8, 0, '2023-02-04 15:55:42', '2023-02-04 15:55:42'),
(1432, 100, 9, 0, '2023-02-04 15:55:42', '2023-02-04 15:55:42'),
(1433, 100, 10, 0, '2023-02-04 15:55:42', '2023-02-04 15:55:42'),
(1434, 100, 11, 0, '2023-02-04 15:55:42', '2023-02-04 15:55:42'),
(1435, 100, 12, 0, '2023-02-04 15:55:42', '2023-02-04 15:55:42'),
(1436, 100, 13, 0, '2023-02-04 15:55:42', '2023-02-04 15:55:42'),
(1437, 100, 14, 0, '2023-02-04 15:55:42', '2023-02-04 15:55:42'),
(1438, 101, 1, 500, '2023-02-04 15:56:01', '2023-02-04 15:56:01'),
(1439, 101, 2, 0, '2023-02-04 15:56:01', '2023-02-04 15:56:01'),
(1440, 101, 3, 0, '2023-02-04 15:56:01', '2023-02-04 15:56:01'),
(1441, 101, 4, 0, '2023-02-04 15:56:01', '2023-02-04 15:56:01'),
(1442, 101, 5, 0, '2023-02-04 15:56:01', '2023-02-04 15:56:01'),
(1443, 101, 6, 0, '2023-02-04 15:56:01', '2023-02-04 15:56:01'),
(1444, 101, 7, 0, '2023-02-04 15:56:01', '2023-02-04 15:56:01'),
(1445, 101, 8, 0, '2023-02-04 15:56:01', '2023-02-04 15:56:01'),
(1446, 101, 9, 0, '2023-02-04 15:56:01', '2023-02-04 15:56:01'),
(1447, 101, 10, 0, '2023-02-04 15:56:01', '2023-02-04 15:56:01'),
(1448, 101, 11, 0, '2023-02-04 15:56:01', '2023-02-04 15:56:01'),
(1449, 101, 12, 0, '2023-02-04 15:56:01', '2023-02-04 15:56:01'),
(1450, 101, 13, 0, '2023-02-04 15:56:01', '2023-02-04 15:56:01'),
(1451, 101, 14, 0, '2023-02-04 15:56:01', '2023-02-04 15:56:01'),
(1452, 102, 1, 500, '2023-02-04 15:56:18', '2023-02-04 15:56:18'),
(1453, 102, 2, 300, '2023-02-04 15:56:18', '2023-02-04 15:56:18'),
(1454, 102, 3, 0, '2023-02-04 15:56:18', '2023-02-04 15:56:18'),
(1455, 102, 4, 200, '2023-02-04 15:56:18', '2023-02-04 15:56:18'),
(1456, 102, 5, 0, '2023-02-04 15:56:18', '2023-02-04 15:56:18'),
(1457, 102, 6, 0, '2023-02-04 15:56:18', '2023-02-04 15:56:18'),
(1458, 102, 7, 0, '2023-02-04 15:56:18', '2023-02-04 15:56:18'),
(1459, 102, 8, 0, '2023-02-04 15:56:18', '2023-02-04 15:56:18'),
(1460, 102, 9, 0, '2023-02-04 15:56:18', '2023-02-04 15:56:18'),
(1461, 102, 10, 0, '2023-02-04 15:56:18', '2023-02-04 15:56:18'),
(1462, 102, 11, 0, '2023-02-04 15:56:18', '2023-02-04 15:56:18'),
(1463, 102, 12, 0, '2023-02-04 15:56:18', '2023-02-04 15:56:18'),
(1464, 102, 13, 0, '2023-02-04 15:56:18', '2023-02-04 15:56:18'),
(1465, 102, 14, 0, '2023-02-04 15:56:18', '2023-02-04 15:56:18'),
(1466, 103, 1, 0, '2023-02-04 15:56:45', '2023-02-04 15:56:45'),
(1467, 103, 2, 200, '2023-02-04 15:56:45', '2023-02-04 15:56:45'),
(1468, 103, 3, 0, '2023-02-04 15:56:45', '2023-02-04 15:56:45'),
(1469, 103, 4, 0, '2023-02-04 15:56:45', '2023-02-04 15:56:45'),
(1470, 103, 5, 0, '2023-02-04 15:56:45', '2023-02-04 15:56:45'),
(1471, 103, 6, 0, '2023-02-04 15:56:45', '2023-02-04 15:56:45'),
(1472, 103, 7, 0, '2023-02-04 15:56:45', '2023-02-04 15:56:45'),
(1473, 103, 8, 0, '2023-02-04 15:56:45', '2023-02-04 15:56:45'),
(1474, 103, 9, 0, '2023-02-04 15:56:45', '2023-02-04 15:56:45'),
(1475, 103, 10, 0, '2023-02-04 15:56:45', '2023-02-04 15:56:45'),
(1476, 103, 11, 0, '2023-02-04 15:56:45', '2023-02-04 15:56:45'),
(1477, 103, 12, 0, '2023-02-04 15:56:45', '2023-02-04 15:56:45'),
(1478, 103, 13, 0, '2023-02-04 15:56:45', '2023-02-04 15:56:45'),
(1479, 103, 14, 0, '2023-02-04 15:56:45', '2023-02-04 15:56:45'),
(1480, 104, 1, 150, '2023-02-04 15:57:14', '2023-02-04 15:57:14'),
(1481, 104, 2, 0, '2023-02-04 15:57:14', '2023-02-04 15:57:14'),
(1482, 104, 3, 0, '2023-02-04 15:57:14', '2023-02-04 15:57:14'),
(1483, 104, 4, 0, '2023-02-04 15:57:14', '2023-02-04 15:57:14'),
(1484, 104, 5, 0, '2023-02-04 15:57:14', '2023-02-04 15:57:14'),
(1485, 104, 6, 0, '2023-02-04 15:57:14', '2023-02-04 15:57:14'),
(1486, 104, 7, 0, '2023-02-04 15:57:14', '2023-02-04 15:57:14'),
(1487, 104, 8, 0, '2023-02-04 15:57:14', '2023-02-04 15:57:14'),
(1488, 104, 9, 0, '2023-02-04 15:57:14', '2023-02-04 15:57:14'),
(1489, 104, 10, 0, '2023-02-04 15:57:14', '2023-02-04 15:57:14'),
(1490, 104, 11, 0, '2023-02-04 15:57:14', '2023-02-04 15:57:14'),
(1491, 104, 12, 0, '2023-02-04 15:57:14', '2023-02-04 15:57:14'),
(1492, 104, 13, 0, '2023-02-04 15:57:14', '2023-02-04 15:57:14'),
(1493, 104, 14, 0, '2023-02-04 15:57:14', '2023-02-04 15:57:14'),
(1494, 105, 1, 1000, '2023-02-04 15:57:39', '2023-02-04 15:57:39'),
(1495, 105, 2, 0, '2023-02-04 15:57:39', '2023-02-04 15:57:39'),
(1496, 105, 3, 0, '2023-02-04 15:57:39', '2023-02-04 15:57:39'),
(1497, 105, 4, 0, '2023-02-04 15:57:39', '2023-02-04 15:57:39'),
(1498, 105, 5, 0, '2023-02-04 15:57:39', '2023-02-04 15:57:39'),
(1499, 105, 6, 0, '2023-02-04 15:57:39', '2023-02-04 15:57:39'),
(1500, 105, 7, 0, '2023-02-04 15:57:39', '2023-02-04 15:57:39'),
(1501, 105, 8, 0, '2023-02-04 15:57:39', '2023-02-04 15:57:39'),
(1502, 105, 9, 0, '2023-02-04 15:57:39', '2023-02-04 15:57:39'),
(1503, 105, 10, 0, '2023-02-04 15:57:39', '2023-02-04 15:57:39'),
(1504, 105, 11, 0, '2023-02-04 15:57:39', '2023-02-04 15:57:39'),
(1505, 105, 12, 0, '2023-02-04 15:57:39', '2023-02-04 15:57:39'),
(1506, 105, 13, 0, '2023-02-04 15:57:39', '2023-02-04 15:57:39'),
(1507, 105, 14, 0, '2023-02-04 15:57:39', '2023-02-04 15:57:39'),
(1508, 106, 1, 250, '2023-02-04 15:58:09', '2023-02-04 15:58:09'),
(1509, 106, 2, 0, '2023-02-04 15:58:09', '2023-02-04 15:58:09'),
(1510, 106, 3, 0, '2023-02-04 15:58:09', '2023-02-04 15:58:09'),
(1511, 106, 4, 0, '2023-02-04 15:58:09', '2023-02-04 15:58:09'),
(1512, 106, 5, 0, '2023-02-04 15:58:09', '2023-02-04 15:58:09'),
(1513, 106, 6, 0, '2023-02-04 15:58:09', '2023-02-04 15:58:09'),
(1514, 106, 7, 0, '2023-02-04 15:58:09', '2023-02-04 15:58:09'),
(1515, 106, 8, 0, '2023-02-04 15:58:09', '2023-02-04 15:58:09'),
(1516, 106, 9, 0, '2023-02-04 15:58:09', '2023-02-04 15:58:09'),
(1517, 106, 10, 0, '2023-02-04 15:58:09', '2023-02-04 15:58:09'),
(1518, 106, 11, 0, '2023-02-04 15:58:09', '2023-02-04 15:58:09'),
(1519, 106, 12, 0, '2023-02-04 15:58:09', '2023-02-04 15:58:09'),
(1520, 106, 13, 0, '2023-02-04 15:58:09', '2023-02-04 15:58:09'),
(1521, 106, 14, 0, '2023-02-04 15:58:09', '2023-02-04 15:58:09'),
(1522, 107, 1, 500, '2023-02-04 16:08:12', '2023-02-04 16:08:12'),
(1523, 107, 2, 500, '2023-02-04 16:08:12', '2023-02-04 16:08:12'),
(1524, 107, 3, 0, '2023-02-04 16:08:12', '2023-02-04 16:08:12'),
(1525, 107, 4, 0, '2023-02-04 16:08:12', '2023-02-04 16:08:12'),
(1526, 107, 5, 0, '2023-02-04 16:08:12', '2023-02-04 16:08:12'),
(1527, 107, 6, 0, '2023-02-04 16:08:12', '2023-02-04 16:08:12'),
(1528, 107, 7, 0, '2023-02-04 16:08:12', '2023-02-04 16:08:12'),
(1529, 107, 8, 0, '2023-02-04 16:08:12', '2023-02-04 16:08:12'),
(1530, 107, 9, 0, '2023-02-04 16:08:12', '2023-02-04 16:08:12'),
(1531, 107, 10, 0, '2023-02-04 16:08:12', '2023-02-04 16:08:12'),
(1532, 107, 11, 0, '2023-02-04 16:08:12', '2023-02-04 16:08:12'),
(1533, 107, 12, 0, '2023-02-04 16:08:12', '2023-02-04 16:08:12'),
(1534, 107, 13, 0, '2023-02-04 16:08:12', '2023-02-04 16:08:12'),
(1535, 107, 14, 0, '2023-02-04 16:08:12', '2023-02-04 16:08:12'),
(1536, 108, 1, 200, '2023-02-04 16:08:59', '2023-02-04 16:08:59'),
(1537, 108, 2, 100, '2023-02-04 16:08:59', '2023-02-04 16:08:59'),
(1538, 108, 3, 0, '2023-02-04 16:08:59', '2023-02-04 16:08:59'),
(1539, 108, 4, 0, '2023-02-04 16:08:59', '2023-02-04 16:08:59'),
(1540, 108, 5, 0, '2023-02-04 16:08:59', '2023-02-04 16:08:59'),
(1541, 108, 6, 0, '2023-02-04 16:08:59', '2023-02-04 16:08:59'),
(1542, 108, 7, 0, '2023-02-04 16:08:59', '2023-02-04 16:08:59'),
(1543, 108, 8, 0, '2023-02-04 16:08:59', '2023-02-04 16:08:59'),
(1544, 108, 9, 0, '2023-02-04 16:08:59', '2023-02-04 16:08:59'),
(1545, 108, 10, 0, '2023-02-04 16:08:59', '2023-02-04 16:08:59'),
(1546, 108, 11, 0, '2023-02-04 16:08:59', '2023-02-04 16:08:59'),
(1547, 108, 12, 0, '2023-02-04 16:08:59', '2023-02-04 16:08:59'),
(1548, 108, 13, 0, '2023-02-04 16:08:59', '2023-02-04 16:08:59'),
(1549, 108, 14, 0, '2023-02-04 16:08:59', '2023-02-04 16:08:59'),
(1550, 109, 1, 100, '2023-02-04 16:09:31', '2023-02-04 16:09:31'),
(1551, 109, 2, 0, '2023-02-04 16:09:31', '2023-02-04 16:09:31'),
(1552, 109, 3, 0, '2023-02-04 16:09:31', '2023-02-04 16:09:31'),
(1553, 109, 4, 0, '2023-02-04 16:09:31', '2023-02-04 16:09:31'),
(1554, 109, 5, 0, '2023-02-04 16:09:31', '2023-02-04 16:09:31'),
(1555, 109, 6, 0, '2023-02-04 16:09:31', '2023-02-04 16:09:31'),
(1556, 109, 7, 0, '2023-02-04 16:09:31', '2023-02-04 16:09:31'),
(1557, 109, 8, 0, '2023-02-04 16:09:31', '2023-02-04 16:09:31'),
(1558, 109, 9, 0, '2023-02-04 16:09:31', '2023-02-04 16:09:31'),
(1559, 109, 10, 0, '2023-02-04 16:09:31', '2023-02-04 16:09:31'),
(1560, 109, 11, 0, '2023-02-04 16:09:31', '2023-02-04 16:09:31'),
(1561, 109, 12, 0, '2023-02-04 16:09:31', '2023-02-04 16:09:31'),
(1562, 109, 13, 0, '2023-02-04 16:09:31', '2023-02-04 16:09:31'),
(1563, 109, 14, 0, '2023-02-04 16:09:31', '2023-02-04 16:09:31'),
(1564, 110, 1, 500, '2023-02-04 16:09:47', '2023-02-04 16:09:47'),
(1565, 110, 2, 0, '2023-02-04 16:09:47', '2023-02-04 16:09:47'),
(1566, 110, 3, 0, '2023-02-04 16:09:47', '2023-02-04 16:09:47'),
(1567, 110, 4, 30, '2023-02-04 16:09:47', '2023-02-04 16:09:47'),
(1568, 110, 5, 0, '2023-02-04 16:09:47', '2023-02-04 16:09:47'),
(1569, 110, 6, 20, '2023-02-04 16:09:47', '2023-02-04 16:09:47'),
(1570, 110, 7, 0, '2023-02-04 16:09:47', '2023-02-04 16:09:47'),
(1571, 110, 8, 0, '2023-02-04 16:09:47', '2023-02-04 16:09:47'),
(1572, 110, 9, 0, '2023-02-04 16:09:47', '2023-02-04 16:09:47'),
(1573, 110, 10, 0, '2023-02-04 16:09:47', '2023-02-04 16:09:47'),
(1574, 110, 11, 0, '2023-02-04 16:09:47', '2023-02-04 16:09:47'),
(1575, 110, 12, 0, '2023-02-04 16:09:47', '2023-02-04 16:09:47'),
(1576, 110, 13, 0, '2023-02-04 16:09:47', '2023-02-04 16:09:47'),
(1577, 110, 14, 0, '2023-02-04 16:09:47', '2023-02-04 16:09:47'),
(1578, 111, 1, 3000, '2023-02-04 16:10:13', '2023-02-04 16:10:13'),
(1579, 111, 2, 0, '2023-02-04 16:10:13', '2023-02-04 16:10:13'),
(1580, 111, 3, 0, '2023-02-04 16:10:13', '2023-02-04 16:10:13'),
(1581, 111, 4, 0, '2023-02-04 16:10:13', '2023-02-04 16:10:13'),
(1582, 111, 5, 0, '2023-02-04 16:10:13', '2023-02-04 16:10:13'),
(1583, 111, 6, 0, '2023-02-04 16:10:13', '2023-02-04 16:10:13'),
(1584, 111, 7, 0, '2023-02-04 16:10:13', '2023-02-04 16:10:13'),
(1585, 111, 8, 0, '2023-02-04 16:10:13', '2023-02-04 16:10:13'),
(1586, 111, 9, 0, '2023-02-04 16:10:13', '2023-02-04 16:10:13'),
(1587, 111, 10, 0, '2023-02-04 16:10:13', '2023-02-04 16:10:13'),
(1588, 111, 11, 0, '2023-02-04 16:10:13', '2023-02-04 16:10:13'),
(1589, 111, 12, 0, '2023-02-04 16:10:13', '2023-02-04 16:10:13'),
(1590, 111, 13, 0, '2023-02-04 16:10:13', '2023-02-04 16:10:13'),
(1591, 111, 14, 0, '2023-02-04 16:10:13', '2023-02-04 16:10:13'),
(1592, 112, 1, 3000, '2023-02-04 16:10:28', '2023-02-04 16:10:28'),
(1593, 112, 2, 0, '2023-02-04 16:10:28', '2023-02-04 16:10:28'),
(1594, 112, 3, 200, '2023-02-04 16:10:28', '2023-02-04 16:10:28'),
(1595, 112, 4, 0, '2023-02-04 16:10:28', '2023-02-04 16:10:28'),
(1596, 112, 5, 0, '2023-02-04 16:10:28', '2023-02-04 16:10:28'),
(1597, 112, 6, 0, '2023-02-04 16:10:28', '2023-02-04 16:10:28'),
(1598, 112, 7, 0, '2023-02-04 16:10:28', '2023-02-04 16:10:28'),
(1599, 112, 8, 0, '2023-02-04 16:10:28', '2023-02-04 16:10:28'),
(1600, 112, 9, 0, '2023-02-04 16:10:28', '2023-02-04 16:10:28'),
(1601, 112, 10, 0, '2023-02-04 16:10:28', '2023-02-04 16:10:28'),
(1602, 112, 11, 0, '2023-02-04 16:10:28', '2023-02-04 16:10:28'),
(1603, 112, 12, 0, '2023-02-04 16:10:28', '2023-02-04 16:10:28'),
(1604, 112, 13, 0, '2023-02-04 16:10:28', '2023-02-04 16:10:28'),
(1605, 112, 14, 0, '2023-02-04 16:10:28', '2023-02-04 16:10:28'),
(1606, 113, 1, 200, '2023-02-04 16:10:45', '2023-02-04 16:10:45'),
(1607, 113, 2, 0, '2023-02-04 16:10:45', '2023-02-04 16:10:45'),
(1608, 113, 3, 0, '2023-02-04 16:10:45', '2023-02-04 16:10:45'),
(1609, 113, 4, 0, '2023-02-04 16:10:45', '2023-02-04 16:10:45'),
(1610, 113, 5, 0, '2023-02-04 16:10:45', '2023-02-04 16:10:45'),
(1611, 113, 6, 0, '2023-02-04 16:10:45', '2023-02-04 16:10:45'),
(1612, 113, 7, 0, '2023-02-04 16:10:45', '2023-02-04 16:10:45'),
(1613, 113, 8, 0, '2023-02-04 16:10:45', '2023-02-04 16:10:45'),
(1614, 113, 9, 0, '2023-02-04 16:10:45', '2023-02-04 16:10:45'),
(1615, 113, 10, 0, '2023-02-04 16:10:45', '2023-02-04 16:10:45'),
(1616, 113, 11, 0, '2023-02-04 16:10:45', '2023-02-04 16:10:45'),
(1617, 113, 12, 0, '2023-02-04 16:10:45', '2023-02-04 16:10:45'),
(1618, 113, 13, 0, '2023-02-04 16:10:45', '2023-02-04 16:10:45'),
(1619, 113, 14, 0, '2023-02-04 16:10:45', '2023-02-04 16:10:45'),
(1620, 114, 1, 1550, '2023-02-04 16:11:13', '2023-02-04 16:11:13'),
(1621, 114, 2, 300, '2023-02-04 16:11:13', '2023-02-04 16:11:13'),
(1622, 114, 3, 0, '2023-02-04 16:11:13', '2023-02-04 16:11:13'),
(1623, 114, 4, 60, '2023-02-04 16:11:13', '2023-02-04 16:11:13'),
(1624, 114, 5, 30, '2023-02-04 16:11:13', '2023-02-04 16:11:13'),
(1625, 114, 6, 30, '2023-02-04 16:11:13', '2023-02-04 16:11:13'),
(1626, 114, 7, 0, '2023-02-04 16:11:13', '2023-02-04 16:11:13'),
(1627, 114, 8, 0, '2023-02-04 16:11:13', '2023-02-04 16:11:13'),
(1628, 114, 9, 30, '2023-02-04 16:11:13', '2023-02-04 16:11:13'),
(1629, 114, 10, 0, '2023-02-04 16:11:13', '2023-02-04 16:11:13'),
(1630, 114, 11, 0, '2023-02-04 16:11:13', '2023-02-04 16:11:13'),
(1631, 114, 12, 0, '2023-02-04 16:11:13', '2023-02-04 16:11:13'),
(1632, 114, 13, 0, '2023-02-04 16:11:13', '2023-02-04 16:11:13'),
(1633, 114, 14, 0, '2023-02-04 16:11:13', '2023-02-04 16:11:13'),
(1634, 115, 1, 250, '2023-02-04 16:11:51', '2023-02-04 16:11:51'),
(1635, 115, 2, 50, '2023-02-04 16:11:51', '2023-02-04 16:11:51'),
(1636, 115, 3, 50, '2023-02-04 16:11:51', '2023-02-04 16:11:51'),
(1637, 115, 4, 0, '2023-02-04 16:11:51', '2023-02-04 16:11:51'),
(1638, 115, 5, 0, '2023-02-04 16:11:51', '2023-02-04 16:11:51'),
(1639, 115, 6, 0, '2023-02-04 16:11:51', '2023-02-04 16:11:51'),
(1640, 115, 7, 0, '2023-02-04 16:11:51', '2023-02-04 16:11:51'),
(1641, 115, 8, 0, '2023-02-04 16:11:51', '2023-02-04 16:11:51'),
(1642, 115, 9, 0, '2023-02-04 16:11:51', '2023-02-04 16:11:51'),
(1643, 115, 10, 0, '2023-02-04 16:11:51', '2023-02-04 16:11:51'),
(1644, 115, 11, 0, '2023-02-04 16:11:51', '2023-02-04 16:11:51'),
(1645, 115, 12, 0, '2023-02-04 16:11:51', '2023-02-04 16:11:51');
INSERT INTO `offerings` (`id`, `transaction_id`, `ministry_id`, `amount`, `created_at`, `updated_at`) VALUES
(1646, 115, 13, 0, '2023-02-04 16:11:51', '2023-02-04 16:11:51'),
(1647, 115, 14, 0, '2023-02-04 16:11:51', '2023-02-04 16:11:51'),
(1648, 116, 1, 1950, '2023-02-04 16:12:29', '2023-02-04 16:12:29'),
(1649, 116, 2, 500, '2023-02-04 16:12:29', '2023-02-04 16:12:29'),
(1650, 116, 3, 3360, '2023-02-04 16:12:29', '2023-02-04 16:12:29'),
(1651, 116, 4, 300, '2023-02-04 16:12:29', '2023-02-04 16:12:29'),
(1652, 116, 5, 200, '2023-02-04 16:12:29', '2023-02-04 16:12:29'),
(1653, 116, 6, 25, '2023-02-04 16:12:29', '2023-02-04 16:12:29'),
(1654, 116, 7, 30, '2023-02-04 16:12:29', '2023-02-04 16:12:29'),
(1655, 116, 8, 25, '2023-02-04 16:12:29', '2023-02-04 16:12:29'),
(1656, 116, 9, 25, '2023-02-04 16:12:29', '2023-02-04 16:12:29'),
(1657, 116, 10, 25, '2023-02-04 16:12:29', '2023-02-04 16:12:29'),
(1658, 116, 11, 25, '2023-02-04 16:12:29', '2023-02-04 16:12:29'),
(1659, 116, 12, 25, '2023-02-04 16:12:29', '2023-02-04 16:12:29'),
(1660, 116, 13, 25, '2023-02-04 16:12:29', '2023-02-04 16:12:29'),
(1661, 116, 14, 100, '2023-02-04 16:12:29', '2023-02-04 16:12:29'),
(1662, 117, 1, 5300, '2023-02-04 16:12:57', '2023-02-04 16:12:57'),
(1663, 117, 2, 0, '2023-02-04 16:12:57', '2023-02-04 16:12:57'),
(1664, 117, 3, 0, '2023-02-04 16:12:57', '2023-02-04 16:12:57'),
(1665, 117, 4, 0, '2023-02-04 16:12:57', '2023-02-04 16:12:57'),
(1666, 117, 5, 0, '2023-02-04 16:12:57', '2023-02-04 16:12:57'),
(1667, 117, 6, 0, '2023-02-04 16:12:57', '2023-02-04 16:12:57'),
(1668, 117, 7, 0, '2023-02-04 16:12:57', '2023-02-04 16:12:57'),
(1669, 117, 8, 0, '2023-02-04 16:12:57', '2023-02-04 16:12:57'),
(1670, 117, 9, 0, '2023-02-04 16:12:57', '2023-02-04 16:12:57'),
(1671, 117, 10, 0, '2023-02-04 16:12:57', '2023-02-04 16:12:57'),
(1672, 117, 11, 0, '2023-02-04 16:12:57', '2023-02-04 16:12:57'),
(1673, 117, 12, 0, '2023-02-04 16:12:57', '2023-02-04 16:12:57'),
(1674, 117, 13, 0, '2023-02-04 16:12:57', '2023-02-04 16:12:57'),
(1675, 117, 14, 0, '2023-02-04 16:12:57', '2023-02-04 16:12:57'),
(1676, 118, 1, 1000, '2023-02-04 16:16:10', '2023-02-04 16:16:10'),
(1677, 118, 2, 20, '2023-02-04 16:16:10', '2023-02-04 16:16:10'),
(1678, 118, 3, 20, '2023-02-04 16:16:10', '2023-02-04 16:16:10'),
(1679, 118, 4, 0, '2023-02-04 16:16:10', '2023-02-04 16:16:10'),
(1680, 118, 5, 20, '2023-02-04 16:16:10', '2023-02-04 16:16:10'),
(1681, 118, 6, 0, '2023-02-04 16:16:10', '2023-02-04 16:16:10'),
(1682, 118, 7, 0, '2023-02-04 16:16:10', '2023-02-04 16:16:10'),
(1683, 118, 8, 20, '2023-02-04 16:16:10', '2023-02-04 16:16:10'),
(1684, 118, 9, 0, '2023-02-04 16:16:10', '2023-02-04 16:16:10'),
(1685, 118, 10, 0, '2023-02-04 16:16:10', '2023-02-04 16:16:10'),
(1686, 118, 11, 0, '2023-02-04 16:16:10', '2023-02-04 16:16:10'),
(1687, 118, 12, 20, '2023-02-04 16:16:10', '2023-02-04 16:16:10'),
(1688, 118, 13, 0, '2023-02-04 16:16:10', '2023-02-04 16:16:10'),
(1689, 118, 14, 0, '2023-02-04 16:16:10', '2023-02-04 16:16:10'),
(1690, 119, 1, 0, '2023-02-04 16:16:36', '2023-02-04 16:16:36'),
(1691, 119, 2, 0, '2023-02-04 16:16:36', '2023-02-04 16:16:36'),
(1692, 119, 3, 4337, '2023-02-04 16:16:36', '2023-02-04 16:16:36'),
(1693, 119, 4, 0, '2023-02-04 16:16:36', '2023-02-04 16:16:36'),
(1694, 119, 5, 0, '2023-02-04 16:16:36', '2023-02-04 16:16:36'),
(1695, 119, 6, 0, '2023-02-04 16:16:36', '2023-02-04 16:16:36'),
(1696, 119, 7, 0, '2023-02-04 16:16:36', '2023-02-04 16:16:36'),
(1697, 119, 8, 0, '2023-02-04 16:16:36', '2023-02-04 16:16:36'),
(1698, 119, 9, 0, '2023-02-04 16:16:36', '2023-02-04 16:16:36'),
(1699, 119, 10, 0, '2023-02-04 16:16:36', '2023-02-04 16:16:36'),
(1700, 119, 11, 0, '2023-02-04 16:16:36', '2023-02-04 16:16:36'),
(1701, 119, 12, 0, '2023-02-04 16:16:36', '2023-02-04 16:16:36'),
(1702, 119, 13, 0, '2023-02-04 16:16:36', '2023-02-04 16:16:36'),
(1703, 119, 14, 0, '2023-02-04 16:16:36', '2023-02-04 16:16:36'),
(1704, 120, 1, 0, '2023-02-04 16:17:16', '2023-02-04 16:17:16'),
(1705, 120, 2, 200, '2023-02-04 16:17:16', '2023-02-04 16:17:16'),
(1706, 120, 3, 0, '2023-02-04 16:17:16', '2023-02-04 16:17:16'),
(1707, 120, 4, 0, '2023-02-04 16:17:16', '2023-02-04 16:17:16'),
(1708, 120, 5, 0, '2023-02-04 16:17:16', '2023-02-04 16:17:16'),
(1709, 120, 6, 0, '2023-02-04 16:17:16', '2023-02-04 16:17:16'),
(1710, 120, 7, 0, '2023-02-04 16:17:16', '2023-02-04 16:17:16'),
(1711, 120, 8, 0, '2023-02-04 16:17:16', '2023-02-04 16:17:16'),
(1712, 120, 9, 0, '2023-02-04 16:17:16', '2023-02-04 16:17:16'),
(1713, 120, 10, 0, '2023-02-04 16:17:16', '2023-02-04 16:17:16'),
(1714, 120, 11, 0, '2023-02-04 16:17:16', '2023-02-04 16:17:16'),
(1715, 120, 12, 0, '2023-02-04 16:17:16', '2023-02-04 16:17:16'),
(1716, 120, 13, 0, '2023-02-04 16:17:16', '2023-02-04 16:17:16'),
(1717, 120, 14, 0, '2023-02-04 16:17:16', '2023-02-04 16:17:16'),
(1718, 121, 1, 200, '2023-02-04 16:17:39', '2023-02-04 16:17:39'),
(1719, 121, 2, 100, '2023-02-04 16:17:39', '2023-02-04 16:17:39'),
(1720, 121, 3, 1500, '2023-02-04 16:17:39', '2023-02-04 16:17:39'),
(1721, 121, 4, 100, '2023-02-04 16:17:39', '2023-02-04 16:17:39'),
(1722, 121, 5, 0, '2023-02-04 16:17:39', '2023-02-04 16:17:39'),
(1723, 121, 6, 20, '2023-02-04 16:17:39', '2023-02-04 16:17:39'),
(1724, 121, 7, 0, '2023-02-04 16:17:39', '2023-02-04 16:17:39'),
(1725, 121, 8, 0, '2023-02-04 16:17:39', '2023-02-04 16:17:39'),
(1726, 121, 9, 20, '2023-02-04 16:17:39', '2023-02-04 16:17:39'),
(1727, 121, 10, 20, '2023-02-04 16:17:39', '2023-02-04 16:17:39'),
(1728, 121, 11, 0, '2023-02-04 16:17:39', '2023-02-04 16:17:39'),
(1729, 121, 12, 0, '2023-02-04 16:17:39', '2023-02-04 16:17:39'),
(1730, 121, 13, 20, '2023-02-04 16:17:39', '2023-02-04 16:17:39'),
(1731, 121, 14, 20, '2023-02-04 16:17:39', '2023-02-04 16:17:39'),
(1732, 122, 1, 3000, '2023-02-04 16:18:06', '2023-02-04 16:18:06'),
(1733, 122, 2, 0, '2023-02-04 16:18:06', '2023-02-04 16:18:06'),
(1734, 122, 3, 0, '2023-02-04 16:18:06', '2023-02-04 16:18:06'),
(1735, 122, 4, 0, '2023-02-04 16:18:06', '2023-02-04 16:18:06'),
(1736, 122, 5, 100, '2023-02-04 16:18:06', '2023-02-04 16:18:06'),
(1737, 122, 6, 0, '2023-02-04 16:18:06', '2023-02-04 16:18:06'),
(1738, 122, 7, 0, '2023-02-04 16:18:06', '2023-02-04 16:18:06'),
(1739, 122, 8, 0, '2023-02-04 16:18:06', '2023-02-04 16:18:06'),
(1740, 122, 9, 0, '2023-02-04 16:18:06', '2023-02-04 16:18:06'),
(1741, 122, 10, 0, '2023-02-04 16:18:06', '2023-02-04 16:18:06'),
(1742, 122, 11, 0, '2023-02-04 16:18:06', '2023-02-04 16:18:06'),
(1743, 122, 12, 0, '2023-02-04 16:18:06', '2023-02-04 16:18:06'),
(1744, 122, 13, 0, '2023-02-04 16:18:06', '2023-02-04 16:18:06'),
(1745, 122, 14, 0, '2023-02-04 16:18:06', '2023-02-04 16:18:06'),
(1746, 123, 1, 600, '2023-02-04 16:18:33', '2023-02-04 16:18:33'),
(1747, 123, 2, 0, '2023-02-04 16:18:33', '2023-02-04 16:18:33'),
(1748, 123, 3, 500, '2023-02-04 16:18:33', '2023-02-04 16:18:33'),
(1749, 123, 4, 100, '2023-02-04 16:18:33', '2023-02-04 16:18:33'),
(1750, 123, 5, 0, '2023-02-04 16:18:33', '2023-02-04 16:18:33'),
(1751, 123, 6, 0, '2023-02-04 16:18:33', '2023-02-04 16:18:33'),
(1752, 123, 7, 0, '2023-02-04 16:18:33', '2023-02-04 16:18:33'),
(1753, 123, 8, 0, '2023-02-04 16:18:33', '2023-02-04 16:18:33'),
(1754, 123, 9, 0, '2023-02-04 16:18:33', '2023-02-04 16:18:33'),
(1755, 123, 10, 0, '2023-02-04 16:18:33', '2023-02-04 16:18:33'),
(1756, 123, 11, 0, '2023-02-04 16:18:33', '2023-02-04 16:18:33'),
(1757, 123, 12, 0, '2023-02-04 16:18:33', '2023-02-04 16:18:33'),
(1758, 123, 13, 0, '2023-02-04 16:18:33', '2023-02-04 16:18:33'),
(1759, 123, 14, 0, '2023-02-04 16:18:33', '2023-02-04 16:18:33'),
(1760, 124, 1, 300, '2023-02-04 16:18:50', '2023-02-04 16:18:50'),
(1761, 124, 2, 0, '2023-02-04 16:18:50', '2023-02-04 16:18:50'),
(1762, 124, 3, 0, '2023-02-04 16:18:50', '2023-02-04 16:18:50'),
(1763, 124, 4, 0, '2023-02-04 16:18:50', '2023-02-04 16:18:50'),
(1764, 124, 5, 0, '2023-02-04 16:18:50', '2023-02-04 16:18:50'),
(1765, 124, 6, 0, '2023-02-04 16:18:50', '2023-02-04 16:18:50'),
(1766, 124, 7, 0, '2023-02-04 16:18:50', '2023-02-04 16:18:50'),
(1767, 124, 8, 0, '2023-02-04 16:18:50', '2023-02-04 16:18:50'),
(1768, 124, 9, 0, '2023-02-04 16:18:50', '2023-02-04 16:18:50'),
(1769, 124, 10, 0, '2023-02-04 16:18:50', '2023-02-04 16:18:50'),
(1770, 124, 11, 0, '2023-02-04 16:18:50', '2023-02-04 16:18:50'),
(1771, 124, 12, 0, '2023-02-04 16:18:50', '2023-02-04 16:18:50'),
(1772, 124, 13, 0, '2023-02-04 16:18:50', '2023-02-04 16:18:50'),
(1773, 124, 14, 0, '2023-02-04 16:18:50', '2023-02-04 16:18:50'),
(1774, 125, 1, 440, '2023-02-04 16:19:19', '2023-02-04 16:19:19'),
(1775, 125, 2, 0, '2023-02-04 16:19:19', '2023-02-04 16:19:19'),
(1776, 125, 3, 10000, '2023-02-04 16:19:19', '2023-02-04 16:19:19'),
(1777, 125, 4, 0, '2023-02-04 16:19:19', '2023-02-04 16:19:19'),
(1778, 125, 5, 0, '2023-02-04 16:19:19', '2023-02-04 16:19:19'),
(1779, 125, 6, 0, '2023-02-04 16:19:19', '2023-02-04 16:19:19'),
(1780, 125, 7, 0, '2023-02-04 16:19:19', '2023-02-04 16:19:19'),
(1781, 125, 8, 0, '2023-02-04 16:19:19', '2023-02-04 16:19:19'),
(1782, 125, 9, 0, '2023-02-04 16:19:19', '2023-02-04 16:19:19'),
(1783, 125, 10, 0, '2023-02-04 16:19:19', '2023-02-04 16:19:19'),
(1784, 125, 11, 0, '2023-02-04 16:19:19', '2023-02-04 16:19:19'),
(1785, 125, 12, 0, '2023-02-04 16:19:19', '2023-02-04 16:19:19'),
(1786, 125, 13, 0, '2023-02-04 16:19:19', '2023-02-04 16:19:19'),
(1787, 125, 14, 0, '2023-02-04 16:19:19', '2023-02-04 16:19:19'),
(1788, 126, 1, 100, '2023-02-04 16:19:53', '2023-02-04 16:19:53'),
(1789, 126, 2, 0, '2023-02-04 16:19:53', '2023-02-04 16:19:53'),
(1790, 126, 3, 0, '2023-02-04 16:19:53', '2023-02-04 16:19:53'),
(1791, 126, 4, 0, '2023-02-04 16:19:53', '2023-02-04 16:19:53'),
(1792, 126, 5, 0, '2023-02-04 16:19:53', '2023-02-04 16:19:53'),
(1793, 126, 6, 0, '2023-02-04 16:19:53', '2023-02-04 16:19:53'),
(1794, 126, 7, 0, '2023-02-04 16:19:53', '2023-02-04 16:19:53'),
(1795, 126, 8, 0, '2023-02-04 16:19:53', '2023-02-04 16:19:53'),
(1796, 126, 9, 0, '2023-02-04 16:19:53', '2023-02-04 16:19:53'),
(1797, 126, 10, 0, '2023-02-04 16:19:53', '2023-02-04 16:19:53'),
(1798, 126, 11, 0, '2023-02-04 16:19:53', '2023-02-04 16:19:53'),
(1799, 126, 12, 0, '2023-02-04 16:19:53', '2023-02-04 16:19:53'),
(1800, 126, 13, 0, '2023-02-04 16:19:53', '2023-02-04 16:19:53'),
(1801, 126, 14, 0, '2023-02-04 16:19:53', '2023-02-04 16:19:53'),
(1816, 127, 1, 100, '2023-02-04 16:22:47', '2023-02-04 16:22:47'),
(1817, 127, 2, 50, '2023-02-04 16:22:47', '2023-02-04 16:22:47'),
(1818, 127, 3, 0, '2023-02-04 16:22:47', '2023-02-04 16:22:47'),
(1819, 127, 4, 0, '2023-02-04 16:22:47', '2023-02-04 16:22:47'),
(1820, 127, 5, 0, '2023-02-04 16:22:47', '2023-02-04 16:22:47'),
(1821, 127, 6, 0, '2023-02-04 16:22:47', '2023-02-04 16:22:47'),
(1822, 127, 7, 0, '2023-02-04 16:22:47', '2023-02-04 16:22:47'),
(1823, 127, 8, 0, '2023-02-04 16:22:47', '2023-02-04 16:22:47'),
(1824, 127, 9, 0, '2023-02-04 16:22:47', '2023-02-04 16:22:47'),
(1825, 127, 10, 0, '2023-02-04 16:22:47', '2023-02-04 16:22:47'),
(1826, 127, 11, 0, '2023-02-04 16:22:47', '2023-02-04 16:22:47'),
(1827, 127, 12, 0, '2023-02-04 16:22:47', '2023-02-04 16:22:47'),
(1828, 127, 13, 0, '2023-02-04 16:22:47', '2023-02-04 16:22:47'),
(1829, 127, 14, 0, '2023-02-04 16:22:47', '2023-02-04 16:22:47'),
(1830, 128, 1, 100, '2023-02-04 16:23:51', '2023-02-04 16:23:51'),
(1831, 128, 2, 50, '2023-02-04 16:23:51', '2023-02-04 16:23:51'),
(1832, 128, 3, 0, '2023-02-04 16:23:51', '2023-02-04 16:23:51'),
(1833, 128, 4, 0, '2023-02-04 16:23:51', '2023-02-04 16:23:51'),
(1834, 128, 5, 0, '2023-02-04 16:23:51', '2023-02-04 16:23:51'),
(1835, 128, 6, 0, '2023-02-04 16:23:51', '2023-02-04 16:23:51'),
(1836, 128, 7, 0, '2023-02-04 16:23:51', '2023-02-04 16:23:51'),
(1837, 128, 8, 30, '2023-02-04 16:23:51', '2023-02-04 16:23:51'),
(1838, 128, 9, 20, '2023-02-04 16:23:51', '2023-02-04 16:23:51'),
(1839, 128, 10, 0, '2023-02-04 16:23:51', '2023-02-04 16:23:51'),
(1840, 128, 11, 0, '2023-02-04 16:23:51', '2023-02-04 16:23:51'),
(1841, 128, 12, 0, '2023-02-04 16:23:51', '2023-02-04 16:23:51'),
(1842, 128, 13, 0, '2023-02-04 16:23:51', '2023-02-04 16:23:51'),
(1843, 128, 14, 0, '2023-02-04 16:23:51', '2023-02-04 16:23:51'),
(1844, 129, 1, 100, '2023-02-04 16:23:58', '2023-02-04 16:23:58'),
(1845, 129, 2, 50, '2023-02-04 16:23:58', '2023-02-04 16:23:58'),
(1846, 129, 3, 0, '2023-02-04 16:23:58', '2023-02-04 16:23:58'),
(1847, 129, 4, 0, '2023-02-04 16:23:58', '2023-02-04 16:23:58'),
(1848, 129, 5, 0, '2023-02-04 16:23:58', '2023-02-04 16:23:58'),
(1849, 129, 6, 0, '2023-02-04 16:23:58', '2023-02-04 16:23:58'),
(1850, 129, 7, 0, '2023-02-04 16:23:58', '2023-02-04 16:23:58'),
(1851, 129, 8, 0, '2023-02-04 16:23:58', '2023-02-04 16:23:58'),
(1852, 129, 9, 0, '2023-02-04 16:23:58', '2023-02-04 16:23:58'),
(1853, 129, 10, 0, '2023-02-04 16:23:58', '2023-02-04 16:23:58'),
(1854, 129, 11, 0, '2023-02-04 16:23:58', '2023-02-04 16:23:58'),
(1855, 129, 12, 0, '2023-02-04 16:23:58', '2023-02-04 16:23:58'),
(1856, 129, 13, 0, '2023-02-04 16:23:58', '2023-02-04 16:23:58'),
(1857, 129, 14, 0, '2023-02-04 16:23:58', '2023-02-04 16:23:58'),
(1858, 130, 1, 200, '2023-02-04 16:24:17', '2023-02-04 16:24:17'),
(1859, 130, 2, 0, '2023-02-04 16:24:17', '2023-02-04 16:24:17'),
(1860, 130, 3, 0, '2023-02-04 16:24:17', '2023-02-04 16:24:17'),
(1861, 130, 4, 0, '2023-02-04 16:24:17', '2023-02-04 16:24:17'),
(1862, 130, 5, 0, '2023-02-04 16:24:17', '2023-02-04 16:24:17'),
(1863, 130, 6, 0, '2023-02-04 16:24:17', '2023-02-04 16:24:17'),
(1864, 130, 7, 0, '2023-02-04 16:24:17', '2023-02-04 16:24:17'),
(1865, 130, 8, 0, '2023-02-04 16:24:17', '2023-02-04 16:24:17'),
(1866, 130, 9, 0, '2023-02-04 16:24:17', '2023-02-04 16:24:17'),
(1867, 130, 10, 0, '2023-02-04 16:24:17', '2023-02-04 16:24:17'),
(1868, 130, 11, 0, '2023-02-04 16:24:17', '2023-02-04 16:24:17'),
(1869, 130, 12, 0, '2023-02-04 16:24:17', '2023-02-04 16:24:17'),
(1870, 130, 13, 0, '2023-02-04 16:24:17', '2023-02-04 16:24:17'),
(1871, 130, 14, 0, '2023-02-04 16:24:17', '2023-02-04 16:24:17'),
(1872, 131, 1, 30, '2023-02-04 16:24:42', '2023-02-04 16:24:42'),
(1873, 131, 2, 0, '2023-02-04 16:24:42', '2023-02-04 16:24:42'),
(1874, 131, 3, 20, '2023-02-04 16:24:42', '2023-02-04 16:24:42'),
(1875, 131, 4, 0, '2023-02-04 16:24:42', '2023-02-04 16:24:42'),
(1876, 131, 5, 0, '2023-02-04 16:24:42', '2023-02-04 16:24:42'),
(1877, 131, 6, 0, '2023-02-04 16:24:42', '2023-02-04 16:24:42'),
(1878, 131, 7, 0, '2023-02-04 16:24:42', '2023-02-04 16:24:42'),
(1879, 131, 8, 0, '2023-02-04 16:24:42', '2023-02-04 16:24:42'),
(1880, 131, 9, 0, '2023-02-04 16:24:42', '2023-02-04 16:24:42'),
(1881, 131, 10, 0, '2023-02-04 16:24:42', '2023-02-04 16:24:42'),
(1882, 131, 11, 0, '2023-02-04 16:24:42', '2023-02-04 16:24:42'),
(1883, 131, 12, 0, '2023-02-04 16:24:42', '2023-02-04 16:24:42'),
(1884, 131, 13, 0, '2023-02-04 16:24:42', '2023-02-04 16:24:42'),
(1885, 131, 14, 0, '2023-02-04 16:24:42', '2023-02-04 16:24:42'),
(1886, 132, 1, 0, '2023-02-04 16:25:01', '2023-02-04 16:25:01'),
(1887, 132, 2, 300, '2023-02-04 16:25:01', '2023-02-04 16:25:01'),
(1888, 132, 3, 300, '2023-02-04 16:25:01', '2023-02-04 16:25:01'),
(1889, 132, 4, 50, '2023-02-04 16:25:01', '2023-02-04 16:25:01'),
(1890, 132, 5, 0, '2023-02-04 16:25:01', '2023-02-04 16:25:01'),
(1891, 132, 6, 0, '2023-02-04 16:25:01', '2023-02-04 16:25:01'),
(1892, 132, 7, 0, '2023-02-04 16:25:01', '2023-02-04 16:25:01'),
(1893, 132, 8, 0, '2023-02-04 16:25:01', '2023-02-04 16:25:01'),
(1894, 132, 9, 0, '2023-02-04 16:25:01', '2023-02-04 16:25:01'),
(1895, 132, 10, 0, '2023-02-04 16:25:01', '2023-02-04 16:25:01'),
(1896, 132, 11, 0, '2023-02-04 16:25:01', '2023-02-04 16:25:01'),
(1897, 132, 12, 0, '2023-02-04 16:25:01', '2023-02-04 16:25:01'),
(1898, 132, 13, 0, '2023-02-04 16:25:01', '2023-02-04 16:25:01'),
(1899, 132, 14, 0, '2023-02-04 16:25:01', '2023-02-04 16:25:01'),
(1900, 133, 1, 0, '2023-02-04 16:25:19', '2023-02-04 16:25:19'),
(1901, 133, 2, 0, '2023-02-04 16:25:19', '2023-02-04 16:25:19'),
(1902, 133, 3, 0, '2023-02-04 16:25:19', '2023-02-04 16:25:19'),
(1903, 133, 4, 0, '2023-02-04 16:25:19', '2023-02-04 16:25:19'),
(1904, 133, 5, 200, '2023-02-04 16:25:19', '2023-02-04 16:25:19'),
(1905, 133, 6, 0, '2023-02-04 16:25:19', '2023-02-04 16:25:19'),
(1906, 133, 7, 0, '2023-02-04 16:25:19', '2023-02-04 16:25:19'),
(1907, 133, 8, 0, '2023-02-04 16:25:19', '2023-02-04 16:25:19'),
(1908, 133, 9, 0, '2023-02-04 16:25:19', '2023-02-04 16:25:19'),
(1909, 133, 10, 0, '2023-02-04 16:25:19', '2023-02-04 16:25:19'),
(1910, 133, 11, 0, '2023-02-04 16:25:19', '2023-02-04 16:25:19'),
(1911, 133, 12, 0, '2023-02-04 16:25:19', '2023-02-04 16:25:19'),
(1912, 133, 13, 0, '2023-02-04 16:25:19', '2023-02-04 16:25:19'),
(1913, 133, 14, 0, '2023-02-04 16:25:19', '2023-02-04 16:25:19'),
(1914, 134, 1, 1500, '2023-02-04 16:25:41', '2023-02-04 16:25:41'),
(1915, 134, 2, 300, '2023-02-04 16:25:41', '2023-02-04 16:25:41'),
(1916, 134, 3, 0, '2023-02-04 16:25:41', '2023-02-04 16:25:41'),
(1917, 134, 4, 200, '2023-02-04 16:25:41', '2023-02-04 16:25:41'),
(1918, 134, 5, 0, '2023-02-04 16:25:41', '2023-02-04 16:25:41'),
(1919, 134, 6, 0, '2023-02-04 16:25:41', '2023-02-04 16:25:41'),
(1920, 134, 7, 0, '2023-02-04 16:25:41', '2023-02-04 16:25:41'),
(1921, 134, 8, 0, '2023-02-04 16:25:41', '2023-02-04 16:25:41'),
(1922, 134, 9, 0, '2023-02-04 16:25:41', '2023-02-04 16:25:41'),
(1923, 134, 10, 0, '2023-02-04 16:25:41', '2023-02-04 16:25:41'),
(1924, 134, 11, 0, '2023-02-04 16:25:41', '2023-02-04 16:25:41'),
(1925, 134, 12, 0, '2023-02-04 16:25:41', '2023-02-04 16:25:41'),
(1926, 134, 13, 0, '2023-02-04 16:25:41', '2023-02-04 16:25:41'),
(1927, 134, 14, 0, '2023-02-04 16:25:41', '2023-02-04 16:25:41'),
(1928, 135, 1, 0, '2023-02-04 16:26:02', '2023-02-04 16:26:02'),
(1929, 135, 2, 0, '2023-02-04 16:26:02', '2023-02-04 16:26:02'),
(1930, 135, 3, 1000, '2023-02-04 16:26:02', '2023-02-04 16:26:02'),
(1931, 135, 4, 0, '2023-02-04 16:26:02', '2023-02-04 16:26:02'),
(1932, 135, 5, 0, '2023-02-04 16:26:02', '2023-02-04 16:26:02'),
(1933, 135, 6, 0, '2023-02-04 16:26:02', '2023-02-04 16:26:02'),
(1934, 135, 7, 0, '2023-02-04 16:26:02', '2023-02-04 16:26:02'),
(1935, 135, 8, 0, '2023-02-04 16:26:02', '2023-02-04 16:26:02'),
(1936, 135, 9, 0, '2023-02-04 16:26:02', '2023-02-04 16:26:02'),
(1937, 135, 10, 0, '2023-02-04 16:26:02', '2023-02-04 16:26:02'),
(1938, 135, 11, 0, '2023-02-04 16:26:02', '2023-02-04 16:26:02'),
(1939, 135, 12, 0, '2023-02-04 16:26:02', '2023-02-04 16:26:02'),
(1940, 135, 13, 0, '2023-02-04 16:26:02', '2023-02-04 16:26:02'),
(1941, 135, 14, 0, '2023-02-04 16:26:02', '2023-02-04 16:26:02'),
(1942, 136, 1, 100, '2023-02-04 16:26:40', '2023-02-04 16:26:40'),
(1943, 136, 2, 0, '2023-02-04 16:26:40', '2023-02-04 16:26:40'),
(1944, 136, 3, 0, '2023-02-04 16:26:40', '2023-02-04 16:26:40'),
(1945, 136, 4, 0, '2023-02-04 16:26:40', '2023-02-04 16:26:40'),
(1946, 136, 5, 0, '2023-02-04 16:26:40', '2023-02-04 16:26:40'),
(1947, 136, 6, 0, '2023-02-04 16:26:40', '2023-02-04 16:26:40'),
(1948, 136, 7, 0, '2023-02-04 16:26:40', '2023-02-04 16:26:40'),
(1949, 136, 8, 0, '2023-02-04 16:26:40', '2023-02-04 16:26:40'),
(1950, 136, 9, 0, '2023-02-04 16:26:40', '2023-02-04 16:26:40'),
(1951, 136, 10, 0, '2023-02-04 16:26:40', '2023-02-04 16:26:40'),
(1952, 136, 11, 0, '2023-02-04 16:26:40', '2023-02-04 16:26:40'),
(1953, 136, 12, 0, '2023-02-04 16:26:40', '2023-02-04 16:26:40'),
(1954, 136, 13, 0, '2023-02-04 16:26:40', '2023-02-04 16:26:40'),
(1955, 136, 14, 0, '2023-02-04 16:26:40', '2023-02-04 16:26:40'),
(1956, 137, 1, 100, '2023-02-04 16:26:48', '2023-02-04 16:26:48'),
(1957, 137, 2, 0, '2023-02-04 16:26:48', '2023-02-04 16:26:48'),
(1958, 137, 3, 0, '2023-02-04 16:26:48', '2023-02-04 16:26:48'),
(1959, 137, 4, 0, '2023-02-04 16:26:48', '2023-02-04 16:26:48'),
(1960, 137, 5, 0, '2023-02-04 16:26:48', '2023-02-04 16:26:48'),
(1961, 137, 6, 0, '2023-02-04 16:26:48', '2023-02-04 16:26:48'),
(1962, 137, 7, 0, '2023-02-04 16:26:48', '2023-02-04 16:26:48'),
(1963, 137, 8, 0, '2023-02-04 16:26:48', '2023-02-04 16:26:48'),
(1964, 137, 9, 0, '2023-02-04 16:26:48', '2023-02-04 16:26:48'),
(1965, 137, 10, 0, '2023-02-04 16:26:48', '2023-02-04 16:26:48'),
(1966, 137, 11, 0, '2023-02-04 16:26:48', '2023-02-04 16:26:48'),
(1967, 137, 12, 0, '2023-02-04 16:26:48', '2023-02-04 16:26:48'),
(1968, 137, 13, 0, '2023-02-04 16:26:48', '2023-02-04 16:26:48'),
(1969, 137, 14, 0, '2023-02-04 16:26:48', '2023-02-04 16:26:48'),
(1970, 138, 1, 6000, '2023-02-04 16:27:31', '2023-02-04 16:27:31'),
(1971, 138, 2, 0, '2023-02-04 16:27:31', '2023-02-04 16:27:31'),
(1972, 138, 3, 0, '2023-02-04 16:27:31', '2023-02-04 16:27:31'),
(1973, 138, 4, 0, '2023-02-04 16:27:31', '2023-02-04 16:27:31'),
(1974, 138, 5, 0, '2023-02-04 16:27:31', '2023-02-04 16:27:31'),
(1975, 138, 6, 0, '2023-02-04 16:27:31', '2023-02-04 16:27:31'),
(1976, 138, 7, 0, '2023-02-04 16:27:31', '2023-02-04 16:27:31'),
(1977, 138, 8, 0, '2023-02-04 16:27:31', '2023-02-04 16:27:31'),
(1978, 138, 9, 0, '2023-02-04 16:27:31', '2023-02-04 16:27:31'),
(1979, 138, 10, 0, '2023-02-04 16:27:31', '2023-02-04 16:27:31'),
(1980, 138, 11, 0, '2023-02-04 16:27:31', '2023-02-04 16:27:31'),
(1981, 138, 12, 0, '2023-02-04 16:27:31', '2023-02-04 16:27:31'),
(1982, 138, 13, 0, '2023-02-04 16:27:31', '2023-02-04 16:27:31'),
(1983, 138, 14, 0, '2023-02-04 16:27:31', '2023-02-04 16:27:31'),
(1984, 139, 1, 200, '2023-02-04 16:27:51', '2023-02-04 16:27:51'),
(1985, 139, 2, 0, '2023-02-04 16:27:51', '2023-02-04 16:27:51'),
(1986, 139, 3, 200, '2023-02-04 16:27:51', '2023-02-04 16:27:51'),
(1987, 139, 4, 0, '2023-02-04 16:27:51', '2023-02-04 16:27:51'),
(1988, 139, 5, 50, '2023-02-04 16:27:51', '2023-02-04 16:27:51'),
(1989, 139, 6, 0, '2023-02-04 16:27:51', '2023-02-04 16:27:51'),
(1990, 139, 7, 50, '2023-02-04 16:27:51', '2023-02-04 16:27:51'),
(1991, 139, 8, 0, '2023-02-04 16:27:51', '2023-02-04 16:27:51'),
(1992, 139, 9, 0, '2023-02-04 16:27:51', '2023-02-04 16:27:51'),
(1993, 139, 10, 0, '2023-02-04 16:27:51', '2023-02-04 16:27:51'),
(1994, 139, 11, 0, '2023-02-04 16:27:51', '2023-02-04 16:27:51'),
(1995, 139, 12, 0, '2023-02-04 16:27:51', '2023-02-04 16:27:51'),
(1996, 139, 13, 0, '2023-02-04 16:27:51', '2023-02-04 16:27:51'),
(1997, 139, 14, 0, '2023-02-04 16:27:51', '2023-02-04 16:27:51'),
(1998, 140, 1, 230, '2023-02-04 16:28:24', '2023-02-04 16:28:24'),
(1999, 140, 2, 70, '2023-02-04 16:28:24', '2023-02-04 16:28:24'),
(2000, 140, 3, 0, '2023-02-04 16:28:24', '2023-02-04 16:28:24'),
(2001, 140, 4, 0, '2023-02-04 16:28:24', '2023-02-04 16:28:24'),
(2002, 140, 5, 10, '2023-02-04 16:28:24', '2023-02-04 16:28:24'),
(2003, 140, 6, 0, '2023-02-04 16:28:24', '2023-02-04 16:28:24'),
(2004, 140, 7, 0, '2023-02-04 16:28:24', '2023-02-04 16:28:24'),
(2005, 140, 8, 20, '2023-02-04 16:28:24', '2023-02-04 16:28:24'),
(2006, 140, 9, 20, '2023-02-04 16:28:24', '2023-02-04 16:28:24'),
(2007, 140, 10, 0, '2023-02-04 16:28:24', '2023-02-04 16:28:24'),
(2008, 140, 11, 0, '2023-02-04 16:28:24', '2023-02-04 16:28:24'),
(2009, 140, 12, 0, '2023-02-04 16:28:24', '2023-02-04 16:28:24'),
(2010, 140, 13, 0, '2023-02-04 16:28:24', '2023-02-04 16:28:24'),
(2011, 140, 14, 0, '2023-02-04 16:28:24', '2023-02-04 16:28:24'),
(2012, 141, 1, 2320, '2023-02-04 16:29:00', '2023-02-04 16:29:00'),
(2013, 141, 2, 0, '2023-02-04 16:29:00', '2023-02-04 16:29:00'),
(2014, 141, 3, 0, '2023-02-04 16:29:00', '2023-02-04 16:29:00'),
(2015, 141, 4, 0, '2023-02-04 16:29:00', '2023-02-04 16:29:00'),
(2016, 141, 5, 20, '2023-02-04 16:29:00', '2023-02-04 16:29:00'),
(2017, 141, 6, 50, '2023-02-04 16:29:00', '2023-02-04 16:29:00'),
(2018, 141, 7, 0, '2023-02-04 16:29:00', '2023-02-04 16:29:00'),
(2019, 141, 8, 0, '2023-02-04 16:29:00', '2023-02-04 16:29:00'),
(2020, 141, 9, 0, '2023-02-04 16:29:00', '2023-02-04 16:29:00'),
(2021, 141, 10, 0, '2023-02-04 16:29:00', '2023-02-04 16:29:00'),
(2022, 141, 11, 0, '2023-02-04 16:29:00', '2023-02-04 16:29:00'),
(2023, 141, 12, 0, '2023-02-04 16:29:00', '2023-02-04 16:29:00'),
(2024, 141, 13, 0, '2023-02-04 16:29:00', '2023-02-04 16:29:00'),
(2025, 141, 14, 0, '2023-02-04 16:29:00', '2023-02-04 16:29:00'),
(2026, 142, 1, 600, '2023-02-04 16:29:27', '2023-02-04 16:29:27'),
(2027, 142, 2, 100, '2023-02-04 16:29:27', '2023-02-04 16:29:27'),
(2028, 142, 3, 0, '2023-02-04 16:29:27', '2023-02-04 16:29:27'),
(2029, 142, 4, 0, '2023-02-04 16:29:27', '2023-02-04 16:29:27'),
(2030, 142, 5, 0, '2023-02-04 16:29:27', '2023-02-04 16:29:27'),
(2031, 142, 6, 0, '2023-02-04 16:29:27', '2023-02-04 16:29:27'),
(2032, 142, 7, 0, '2023-02-04 16:29:27', '2023-02-04 16:29:27'),
(2033, 142, 8, 0, '2023-02-04 16:29:27', '2023-02-04 16:29:27'),
(2034, 142, 9, 0, '2023-02-04 16:29:27', '2023-02-04 16:29:27'),
(2035, 142, 10, 0, '2023-02-04 16:29:27', '2023-02-04 16:29:27'),
(2036, 142, 11, 0, '2023-02-04 16:29:27', '2023-02-04 16:29:27'),
(2037, 142, 12, 0, '2023-02-04 16:29:27', '2023-02-04 16:29:27'),
(2038, 142, 13, 0, '2023-02-04 16:29:27', '2023-02-04 16:29:27'),
(2039, 142, 14, 0, '2023-02-04 16:29:27', '2023-02-04 16:29:27'),
(2040, 143, 1, 0, '2023-02-04 16:30:02', '2023-02-04 16:30:02'),
(2041, 143, 2, 0, '2023-02-04 16:30:02', '2023-02-04 16:30:02'),
(2042, 143, 3, 300, '2023-02-04 16:30:02', '2023-02-04 16:30:02'),
(2043, 143, 4, 0, '2023-02-04 16:30:02', '2023-02-04 16:30:02'),
(2044, 143, 5, 100, '2023-02-04 16:30:02', '2023-02-04 16:30:02'),
(2045, 143, 6, 100, '2023-02-04 16:30:02', '2023-02-04 16:30:02'),
(2046, 143, 7, 0, '2023-02-04 16:30:02', '2023-02-04 16:30:02'),
(2047, 143, 8, 0, '2023-02-04 16:30:02', '2023-02-04 16:30:02'),
(2048, 143, 9, 0, '2023-02-04 16:30:02', '2023-02-04 16:30:02'),
(2049, 143, 10, 0, '2023-02-04 16:30:02', '2023-02-04 16:30:02'),
(2050, 143, 11, 0, '2023-02-04 16:30:02', '2023-02-04 16:30:02'),
(2051, 143, 12, 0, '2023-02-04 16:30:02', '2023-02-04 16:30:02'),
(2052, 143, 13, 0, '2023-02-04 16:30:02', '2023-02-04 16:30:02'),
(2053, 143, 14, 0, '2023-02-04 16:30:02', '2023-02-04 16:30:02'),
(2054, 144, 1, 100, '2023-02-04 16:30:27', '2023-02-04 16:30:27'),
(2055, 144, 2, 0, '2023-02-04 16:30:27', '2023-02-04 16:30:27'),
(2056, 144, 3, 0, '2023-02-04 16:30:27', '2023-02-04 16:30:27'),
(2057, 144, 4, 0, '2023-02-04 16:30:27', '2023-02-04 16:30:27'),
(2058, 144, 5, 0, '2023-02-04 16:30:27', '2023-02-04 16:30:27'),
(2059, 144, 6, 0, '2023-02-04 16:30:27', '2023-02-04 16:30:27'),
(2060, 144, 7, 0, '2023-02-04 16:30:27', '2023-02-04 16:30:27'),
(2061, 144, 8, 0, '2023-02-04 16:30:27', '2023-02-04 16:30:27'),
(2062, 144, 9, 0, '2023-02-04 16:30:27', '2023-02-04 16:30:27'),
(2063, 144, 10, 0, '2023-02-04 16:30:27', '2023-02-04 16:30:27'),
(2064, 144, 11, 0, '2023-02-04 16:30:27', '2023-02-04 16:30:27'),
(2065, 144, 12, 0, '2023-02-04 16:30:27', '2023-02-04 16:30:27'),
(2066, 144, 13, 0, '2023-02-04 16:30:27', '2023-02-04 16:30:27'),
(2067, 144, 14, 0, '2023-02-04 16:30:27', '2023-02-04 16:30:27'),
(2068, 145, 1, 0, '2023-02-04 16:31:05', '2023-02-04 16:31:05'),
(2069, 145, 2, 99.99, '2023-02-04 16:31:05', '2023-02-04 16:31:05'),
(2070, 145, 3, 0, '2023-02-04 16:31:05', '2023-02-04 16:31:05'),
(2071, 145, 4, 0, '2023-02-04 16:31:05', '2023-02-04 16:31:05'),
(2072, 145, 5, 0, '2023-02-04 16:31:05', '2023-02-04 16:31:05'),
(2073, 145, 6, 0, '2023-02-04 16:31:05', '2023-02-04 16:31:05'),
(2074, 145, 7, 0, '2023-02-04 16:31:05', '2023-02-04 16:31:05'),
(2075, 145, 8, 0, '2023-02-04 16:31:05', '2023-02-04 16:31:05'),
(2076, 145, 9, 0, '2023-02-04 16:31:05', '2023-02-04 16:31:05'),
(2077, 145, 10, 0, '2023-02-04 16:31:05', '2023-02-04 16:31:05'),
(2078, 145, 11, 0, '2023-02-04 16:31:05', '2023-02-04 16:31:05'),
(2079, 145, 12, 0, '2023-02-04 16:31:05', '2023-02-04 16:31:05'),
(2080, 145, 13, 0, '2023-02-04 16:31:05', '2023-02-04 16:31:05'),
(2081, 145, 14, 0, '2023-02-04 16:31:05', '2023-02-04 16:31:05'),
(2082, 146, 1, 0, '2023-02-04 16:31:29', '2023-02-04 16:31:29'),
(2083, 146, 2, 150, '2023-02-04 16:31:29', '2023-02-04 16:31:29'),
(2084, 146, 3, 0, '2023-02-04 16:31:29', '2023-02-04 16:31:29'),
(2085, 146, 4, 0, '2023-02-04 16:31:29', '2023-02-04 16:31:29'),
(2086, 146, 5, 0, '2023-02-04 16:31:29', '2023-02-04 16:31:29'),
(2087, 146, 6, 0, '2023-02-04 16:31:29', '2023-02-04 16:31:29'),
(2088, 146, 7, 0, '2023-02-04 16:31:29', '2023-02-04 16:31:29'),
(2089, 146, 8, 50, '2023-02-04 16:31:29', '2023-02-04 16:31:29'),
(2090, 146, 9, 50, '2023-02-04 16:31:29', '2023-02-04 16:31:29'),
(2091, 146, 10, 0, '2023-02-04 16:31:29', '2023-02-04 16:31:29'),
(2092, 146, 11, 0, '2023-02-04 16:31:29', '2023-02-04 16:31:29'),
(2093, 146, 12, 0, '2023-02-04 16:31:29', '2023-02-04 16:31:29'),
(2094, 146, 13, 0, '2023-02-04 16:31:29', '2023-02-04 16:31:29'),
(2095, 146, 14, 0, '2023-02-04 16:31:29', '2023-02-04 16:31:29'),
(2096, 147, 1, 100, '2023-02-04 16:31:49', '2023-02-04 16:31:49'),
(2097, 147, 2, 100, '2023-02-04 16:31:49', '2023-02-04 16:31:49'),
(2098, 147, 3, 4200, '2023-02-04 16:31:49', '2023-02-04 16:31:49'),
(2099, 147, 4, 0, '2023-02-04 16:31:49', '2023-02-04 16:31:49'),
(2100, 147, 5, 0, '2023-02-04 16:31:49', '2023-02-04 16:31:49'),
(2101, 147, 6, 0, '2023-02-04 16:31:49', '2023-02-04 16:31:49'),
(2102, 147, 7, 0, '2023-02-04 16:31:49', '2023-02-04 16:31:49'),
(2103, 147, 8, 0, '2023-02-04 16:31:49', '2023-02-04 16:31:49'),
(2104, 147, 9, 0, '2023-02-04 16:31:49', '2023-02-04 16:31:49'),
(2105, 147, 10, 0, '2023-02-04 16:31:49', '2023-02-04 16:31:49'),
(2106, 147, 11, 0, '2023-02-04 16:31:49', '2023-02-04 16:31:49'),
(2107, 147, 12, 0, '2023-02-04 16:31:49', '2023-02-04 16:31:49'),
(2108, 147, 13, 0, '2023-02-04 16:31:49', '2023-02-04 16:31:49'),
(2109, 147, 14, 0, '2023-02-04 16:31:49', '2023-02-04 16:31:49'),
(2110, 148, 1, 0, '2023-02-04 16:32:08', '2023-02-04 16:32:08'),
(2111, 148, 2, 100, '2023-02-04 16:32:08', '2023-02-04 16:32:08'),
(2112, 148, 3, 0, '2023-02-04 16:32:08', '2023-02-04 16:32:08'),
(2113, 148, 4, 0, '2023-02-04 16:32:08', '2023-02-04 16:32:08'),
(2114, 148, 5, 0, '2023-02-04 16:32:08', '2023-02-04 16:32:08'),
(2115, 148, 6, 0, '2023-02-04 16:32:08', '2023-02-04 16:32:08'),
(2116, 148, 7, 0, '2023-02-04 16:32:08', '2023-02-04 16:32:08'),
(2117, 148, 8, 0, '2023-02-04 16:32:08', '2023-02-04 16:32:08'),
(2118, 148, 9, 0, '2023-02-04 16:32:08', '2023-02-04 16:32:08'),
(2119, 148, 10, 0, '2023-02-04 16:32:08', '2023-02-04 16:32:08'),
(2120, 148, 11, 0, '2023-02-04 16:32:08', '2023-02-04 16:32:08'),
(2121, 148, 12, 0, '2023-02-04 16:32:08', '2023-02-04 16:32:08'),
(2122, 148, 13, 0, '2023-02-04 16:32:08', '2023-02-04 16:32:08'),
(2123, 148, 14, 0, '2023-02-04 16:32:08', '2023-02-04 16:32:08'),
(2124, 149, 1, 50, '2023-02-04 16:32:31', '2023-02-04 16:32:31'),
(2125, 149, 2, NULL, '2023-02-04 16:32:31', '2023-02-04 16:32:31'),
(2126, 149, 3, 50, '2023-02-04 16:32:31', '2023-02-04 16:32:31'),
(2127, 149, 4, 0, '2023-02-04 16:32:31', '2023-02-04 16:32:31'),
(2128, 149, 5, 0, '2023-02-04 16:32:31', '2023-02-04 16:32:31'),
(2129, 149, 6, 0, '2023-02-04 16:32:31', '2023-02-04 16:32:31'),
(2130, 149, 7, 0, '2023-02-04 16:32:31', '2023-02-04 16:32:31'),
(2131, 149, 8, 0, '2023-02-04 16:32:31', '2023-02-04 16:32:31'),
(2132, 149, 9, 0, '2023-02-04 16:32:31', '2023-02-04 16:32:31'),
(2133, 149, 10, 0, '2023-02-04 16:32:31', '2023-02-04 16:32:31'),
(2134, 149, 11, 0, '2023-02-04 16:32:31', '2023-02-04 16:32:31'),
(2135, 149, 12, 0, '2023-02-04 16:32:31', '2023-02-04 16:32:31'),
(2136, 149, 13, 0, '2023-02-04 16:32:31', '2023-02-04 16:32:31'),
(2137, 149, 14, 0, '2023-02-04 16:32:31', '2023-02-04 16:32:31'),
(2138, 150, 1, 100, '2023-02-04 16:32:56', '2023-02-04 16:32:56'),
(2139, 150, 2, 0, '2023-02-04 16:32:56', '2023-02-04 16:32:56'),
(2140, 150, 3, 0, '2023-02-04 16:32:56', '2023-02-04 16:32:56'),
(2141, 150, 4, 0, '2023-02-04 16:32:56', '2023-02-04 16:32:56'),
(2142, 150, 5, 0, '2023-02-04 16:32:56', '2023-02-04 16:32:56'),
(2143, 150, 6, 0, '2023-02-04 16:32:56', '2023-02-04 16:32:56'),
(2144, 150, 7, 0, '2023-02-04 16:32:56', '2023-02-04 16:32:56'),
(2145, 150, 8, 0, '2023-02-04 16:32:56', '2023-02-04 16:32:56'),
(2146, 150, 9, 0, '2023-02-04 16:32:56', '2023-02-04 16:32:56'),
(2147, 150, 10, 0, '2023-02-04 16:32:56', '2023-02-04 16:32:56'),
(2148, 150, 11, 0, '2023-02-04 16:32:56', '2023-02-04 16:32:56'),
(2149, 150, 12, 0, '2023-02-04 16:32:56', '2023-02-04 16:32:56'),
(2150, 150, 13, 0, '2023-02-04 16:32:56', '2023-02-04 16:32:56'),
(2151, 150, 14, 0, '2023-02-04 16:32:56', '2023-02-04 16:32:56'),
(2152, 151, 1, 400, '2023-02-04 16:33:16', '2023-02-04 16:33:16'),
(2153, 151, 2, 0, '2023-02-04 16:33:16', '2023-02-04 16:33:16'),
(2154, 151, 3, 0, '2023-02-04 16:33:16', '2023-02-04 16:33:16'),
(2155, 151, 4, 0, '2023-02-04 16:33:16', '2023-02-04 16:33:16'),
(2156, 151, 5, 0, '2023-02-04 16:33:16', '2023-02-04 16:33:16'),
(2157, 151, 6, 0, '2023-02-04 16:33:16', '2023-02-04 16:33:16'),
(2158, 151, 7, 0, '2023-02-04 16:33:16', '2023-02-04 16:33:16'),
(2159, 151, 8, 0, '2023-02-04 16:33:16', '2023-02-04 16:33:16'),
(2160, 151, 9, 0, '2023-02-04 16:33:16', '2023-02-04 16:33:16'),
(2161, 151, 10, 0, '2023-02-04 16:33:16', '2023-02-04 16:33:16'),
(2162, 151, 11, 0, '2023-02-04 16:33:16', '2023-02-04 16:33:16'),
(2163, 151, 12, 0, '2023-02-04 16:33:16', '2023-02-04 16:33:16'),
(2164, 151, 13, 0, '2023-02-04 16:33:16', '2023-02-04 16:33:16'),
(2165, 151, 14, 20, '2023-02-04 16:33:16', '2023-02-04 16:33:16');

-- --------------------------------------------------------

--
-- Table structure for table `password_resets`
--

CREATE TABLE `password_resets` (
  `email` varchar(255) COLLATE utf8mb4_unicode_ci NOT NULL,
  `token` varchar(255) COLLATE utf8mb4_unicode_ci NOT NULL,
  `created_at` timestamp NULL DEFAULT NULL
) ENGINE=InnoDB DEFAULT CHARSET=utf8mb4 COLLATE=utf8mb4_unicode_ci;

-- --------------------------------------------------------

--
-- Table structure for table `personal_access_tokens`
--

CREATE TABLE `personal_access_tokens` (
  `id` bigint(20) UNSIGNED NOT NULL,
  `tokenable_type` varchar(255) COLLATE utf8mb4_unicode_ci NOT NULL,
  `tokenable_id` bigint(20) UNSIGNED NOT NULL,
  `name` varchar(255) COLLATE utf8mb4_unicode_ci NOT NULL,
  `token` varchar(64) COLLATE utf8mb4_unicode_ci NOT NULL,
  `abilities` text COLLATE utf8mb4_unicode_ci DEFAULT NULL,
  `last_used_at` timestamp NULL DEFAULT NULL,
  `created_at` timestamp NULL DEFAULT NULL,
  `updated_at` timestamp NULL DEFAULT NULL
) ENGINE=InnoDB DEFAULT CHARSET=utf8mb4 COLLATE=utf8mb4_unicode_ci;

-- --------------------------------------------------------

--
-- Table structure for table `services`
--

CREATE TABLE `services` (
  `id` bigint(20) NOT NULL,
  `name` varchar(255) COLLATE utf8mb4_unicode_ci NOT NULL,
  `status` enum('0','1') COLLATE utf8mb4_unicode_ci NOT NULL DEFAULT '1',
  `created_at` timestamp NOT NULL DEFAULT current_timestamp() ON UPDATE current_timestamp(),
  `updated_at` timestamp NOT NULL DEFAULT '0000-00-00 00:00:00'
) ENGINE=InnoDB DEFAULT CHARSET=utf8mb4 COLLATE=utf8mb4_unicode_ci;

--
-- Dumping data for table `services`
--

INSERT INTO `services` (`id`, `name`, `status`, `created_at`, `updated_at`) VALUES
(1, 'Worship Service', '1', '2023-01-24 12:29:39', '0000-00-00 00:00:00'),
(2, 'Gospel Hour Service', '1', '2023-01-24 12:29:46', '0000-00-00 00:00:00');

-- --------------------------------------------------------

--
-- Table structure for table `transactions`
--

CREATE TABLE `transactions` (
  `id` bigint(20) NOT NULL,
  `member_id` bigint(20) NOT NULL,
  `service_id` bigint(20) NOT NULL,
  `date` date NOT NULL,
  `status` enum('0','1') COLLATE utf8mb4_unicode_ci NOT NULL DEFAULT '1',
  `created_at` timestamp NOT NULL DEFAULT current_timestamp() ON UPDATE current_timestamp(),
  `updated_at` timestamp NOT NULL DEFAULT '0000-00-00 00:00:00'
) ENGINE=InnoDB DEFAULT CHARSET=utf8mb4 COLLATE=utf8mb4_unicode_ci;

--
-- Dumping data for table `transactions`
--

INSERT INTO `transactions` (`id`, `member_id`, `service_id`, `date`, `status`, `created_at`, `updated_at`) VALUES
(1, 3, 1, '2023-01-01', '1', '2023-02-04 00:14:33', '2023-02-04 00:14:33'),
(2, 3, 1, '2023-01-01', '1', '2023-02-04 00:14:54', '2023-02-04 00:14:54'),
(3, 3, 1, '2023-01-01', '1', '2023-02-04 00:15:11', '2023-02-04 00:15:11'),
(4, 3, 1, '2023-01-01', '1', '2023-02-04 00:19:08', '2023-02-04 00:19:08'),
(5, 3, 1, '2023-01-01', '1', '2023-02-04 00:19:29', '2023-02-04 00:19:29'),
(6, 4, 1, '2023-01-01', '1', '2023-02-04 00:19:50', '2023-02-04 00:19:50'),
(7, 8, 1, '2023-01-01', '1', '2023-02-04 00:20:29', '2023-02-04 00:20:29'),
(8, 83, 1, '2023-01-01', '1', '2023-02-04 00:21:01', '2023-02-04 00:21:01'),
(9, 84, 1, '2023-01-01', '1', '2023-02-04 00:21:47', '2023-02-04 00:21:47'),
(10, 85, 1, '2023-01-01', '1', '2023-02-04 00:22:28', '2023-02-04 00:22:28'),
(11, 86, 1, '2023-01-01', '1', '2023-02-04 00:23:06', '2023-02-04 00:23:06'),
(12, 87, 1, '2023-01-01', '1', '2023-02-04 00:23:33', '2023-02-04 00:23:33'),
(13, 13, 1, '2023-01-01', '1', '2023-02-04 00:23:59', '2023-02-04 00:23:59'),
(14, 88, 1, '2023-01-01', '1', '2023-02-04 00:24:57', '2023-02-04 00:24:57'),
(15, 15, 1, '2023-01-01', '1', '2023-02-04 00:25:50', '2023-02-04 00:25:50'),
(16, 19, 1, '2023-01-01', '1', '2023-02-04 00:26:14', '2023-02-04 00:26:14'),
(17, 89, 1, '2023-01-01', '1', '2023-02-04 00:26:37', '2023-02-04 00:26:37'),
(18, 90, 1, '2023-01-01', '1', '2023-02-04 00:27:06', '2023-02-04 00:27:06'),
(19, 20, 1, '2023-01-01', '1', '2023-02-04 00:27:19', '2023-02-04 00:27:19'),
(20, 21, 1, '2023-01-01', '1', '2023-02-04 00:27:33', '2023-02-04 00:27:33'),
(21, 91, 1, '2023-01-01', '1', '2023-02-04 00:27:56', '2023-02-04 00:27:56'),
(22, 92, 1, '2023-01-01', '1', '2023-02-04 00:28:16', '2023-02-04 00:28:16'),
(23, 93, 1, '2023-01-01', '1', '2023-02-04 00:30:19', '2023-02-04 00:30:19'),
(24, 22, 1, '2023-01-01', '1', '2023-02-04 00:32:28', '2023-02-04 00:32:28'),
(25, 94, 1, '2023-01-01', '1', '2023-02-04 00:33:01', '2023-02-04 00:33:01'),
(26, 26, 1, '2023-01-01', '1', '2023-02-04 00:33:16', '2023-02-04 00:33:16'),
(27, 27, 1, '2023-01-01', '1', '2023-02-04 00:33:36', '2023-02-04 00:33:36'),
(28, 95, 1, '2023-01-01', '1', '2023-02-04 00:34:10', '2023-02-04 00:34:10'),
(29, 96, 1, '2023-01-01', '1', '2023-02-04 00:34:43', '2023-02-04 00:34:43'),
(30, 97, 1, '2023-01-01', '1', '2023-02-04 00:35:16', '2023-02-04 00:35:16'),
(31, 98, 1, '2023-01-01', '1', '2023-02-04 00:35:45', '2023-02-04 00:35:45'),
(32, 99, 1, '2023-01-01', '1', '2023-02-04 00:36:16', '2023-02-04 00:36:16'),
(33, 31, 1, '2023-01-01', '1', '2023-02-04 00:36:53', '2023-02-04 00:36:53'),
(34, 32, 1, '2023-01-01', '1', '2023-02-04 00:37:10', '2023-02-04 00:37:10'),
(35, 100, 1, '2023-01-01', '1', '2023-02-04 00:37:44', '2023-02-04 00:37:44'),
(36, 101, 1, '2023-01-01', '1', '2023-02-04 00:38:21', '2023-02-04 00:38:21'),
(37, 102, 1, '2023-01-01', '1', '2023-02-04 00:38:44', '2023-02-04 00:38:44'),
(38, 35, 1, '2023-01-01', '1', '2023-02-03 17:40:09', '2023-02-04 01:40:09'),
(39, 36, 1, '2023-01-01', '1', '2023-02-04 00:39:50', '2023-02-04 00:39:50'),
(40, 38, 1, '2023-01-01', '1', '2023-02-04 00:40:06', '2023-02-04 00:40:06'),
(41, 103, 1, '2023-01-01', '1', '2023-02-04 00:40:29', '2023-02-04 00:40:29'),
(42, 41, 1, '2023-01-01', '1', '2023-02-04 00:41:01', '2023-02-04 00:41:01'),
(43, 2, 1, '2023-01-01', '1', '2023-02-04 00:41:45', '2023-02-04 00:41:45'),
(44, 42, 1, '2023-01-01', '1', '2023-02-04 01:10:30', '2023-02-04 01:10:30'),
(45, 104, 1, '2023-01-01', '1', '2023-02-04 01:11:06', '2023-02-04 01:11:06'),
(46, 46, 1, '2023-01-01', '1', '2023-02-04 01:11:33', '2023-02-04 01:11:33'),
(47, 47, 1, '2023-01-01', '1', '2023-02-04 01:12:12', '2023-02-04 01:12:12'),
(48, 48, 1, '2023-01-01', '1', '2023-02-04 01:12:28', '2023-02-04 01:12:28'),
(49, 51, 1, '2023-01-01', '1', '2023-02-04 01:13:07', '2023-02-04 01:13:07'),
(50, 52, 1, '2023-01-01', '1', '2023-02-04 01:14:31', '2023-02-04 01:14:31'),
(51, 105, 1, '2023-01-01', '1', '2023-02-04 01:15:00', '2023-02-04 01:15:00'),
(52, 106, 1, '2023-01-01', '1', '2023-02-04 01:15:27', '2023-02-04 01:15:27'),
(53, 107, 1, '2023-01-01', '1', '2023-02-04 01:16:00', '2023-02-04 01:16:00'),
(54, 108, 1, '2023-01-01', '1', '2023-02-04 01:16:22', '2023-02-04 01:16:22'),
(55, 56, 1, '2023-01-01', '1', '2023-02-04 01:16:51', '2023-02-04 01:16:51'),
(56, 58, 1, '2023-01-01', '1', '2023-02-04 01:17:06', '2023-02-04 01:17:06'),
(57, 60, 1, '2023-01-01', '1', '2023-02-04 01:17:27', '2023-02-04 01:17:27'),
(58, 109, 1, '2023-01-01', '1', '2023-02-04 01:17:53', '2023-02-04 01:17:53'),
(59, 110, 1, '2023-01-01', '1', '2023-02-04 01:18:13', '2023-02-04 01:18:13'),
(60, 61, 1, '2023-01-01', '1', '2023-02-04 01:18:32', '2023-02-04 01:18:32'),
(61, 111, 1, '2023-01-01', '1', '2023-02-04 01:19:12', '2023-02-04 01:19:12'),
(62, 3, 1, '2023-01-01', '1', '2023-02-04 01:19:27', '2023-02-04 01:19:27'),
(63, 112, 1, '2023-01-01', '1', '2023-02-04 01:19:56', '2023-02-04 01:19:56'),
(64, 63, 1, '2023-01-01', '1', '2023-02-04 01:20:12', '2023-02-04 01:20:12'),
(65, 113, 1, '2023-01-01', '1', '2023-02-04 01:20:37', '2023-02-04 01:20:37'),
(66, 67, 1, '2023-01-01', '1', '2023-02-04 01:21:20', '2023-02-04 01:21:20'),
(67, 114, 1, '2023-01-01', '1', '2023-02-04 01:21:54', '2023-02-04 01:21:54'),
(68, 115, 1, '2023-01-01', '1', '2023-02-04 01:22:11', '2023-02-04 01:22:11'),
(69, 74, 1, '2023-01-01', '1', '2023-02-04 01:22:40', '2023-02-04 01:22:40'),
(70, 75, 1, '2023-01-01', '1', '2023-02-04 01:22:55', '2023-02-04 01:22:55'),
(71, 76, 1, '2023-01-01', '1', '2023-02-04 01:23:15', '2023-02-04 01:23:15'),
(72, 116, 1, '2023-01-01', '1', '2023-02-04 01:23:54', '2023-02-04 01:23:54'),
(73, 79, 1, '2023-01-01', '1', '2023-02-04 01:24:21', '2023-02-04 01:24:21'),
(74, 81, 1, '2023-01-01', '1', '2023-02-03 17:40:44', '2023-02-04 01:40:44'),
(75, 82, 1, '2023-01-01', '1', '2023-02-04 01:25:05', '2023-02-04 01:25:05'),
(76, 117, 1, '2023-01-01', '1', '2023-02-04 01:27:15', '2023-02-04 01:27:15'),
(77, 118, 1, '2023-01-01', '1', '2023-02-04 01:27:39', '2023-02-04 01:27:39'),
(78, 119, 1, '2023-01-08', '1', '2023-02-04 09:10:50', '2023-02-04 09:10:50'),
(79, 3, 1, '2023-01-08', '1', '2023-02-04 09:11:18', '2023-02-04 09:11:18'),
(80, 3, 1, '2023-01-08', '1', '2023-02-04 09:11:29', '2023-02-04 09:11:29'),
(81, 3, 1, '2023-01-08', '1', '2023-02-04 09:11:47', '2023-02-04 09:11:47'),
(82, 3, 1, '2023-01-08', '1', '2023-02-04 09:12:02', '2023-02-04 09:12:02'),
(83, 3, 1, '2023-01-08', '1', '2023-02-04 09:12:16', '2023-02-04 09:12:16'),
(84, 3, 1, '2023-01-08', '1', '2023-02-04 09:12:36', '2023-02-04 09:12:36'),
(85, 3, 1, '2023-01-08', '1', '2023-02-04 09:13:03', '2023-02-04 09:13:03'),
(86, 4, 1, '2023-01-08', '1', '2023-02-04 09:13:23', '2023-02-04 09:13:23'),
(87, 56, 1, '2023-01-08', '1', '2023-02-04 09:13:46', '2023-02-04 09:13:46'),
(88, 120, 1, '2023-01-08', '1', '2023-02-04 09:14:20', '2023-02-04 09:14:20'),
(89, 10, 1, '2023-01-08', '1', '2023-02-04 09:14:42', '2023-02-04 09:14:42'),
(90, 88, 1, '2023-01-08', '1', '2023-02-04 09:15:15', '2023-02-04 09:15:15'),
(91, 16, 1, '2023-01-08', '1', '2023-02-04 09:15:39', '2023-02-04 09:15:39'),
(92, 18, 1, '2023-01-08', '1', '2023-02-04 09:15:55', '2023-02-04 09:15:55'),
(93, 90, 1, '2023-01-08', '1', '2023-02-04 15:51:31', '2023-02-04 15:51:31'),
(94, 21, 1, '2023-01-08', '1', '2023-02-04 15:51:55', '2023-02-04 15:51:55'),
(95, 22, 1, '2023-01-08', '1', '2023-02-04 15:52:41', '2023-02-04 15:52:41'),
(96, 121, 1, '2023-01-08', '1', '2023-02-04 15:54:11', '2023-02-04 15:54:11'),
(97, 94, 1, '2023-01-08', '1', '2023-02-04 15:54:31', '2023-02-04 15:54:31'),
(98, 26, 1, '2023-01-08', '1', '2023-02-04 15:54:42', '2023-02-04 15:54:42'),
(99, 122, 1, '2023-01-08', '1', '2023-02-04 15:55:20', '2023-02-04 15:55:20'),
(100, 29, 1, '2023-01-08', '1', '2023-02-04 15:55:42', '2023-02-04 15:55:42'),
(101, 30, 1, '2023-01-08', '1', '2023-02-04 15:56:01', '2023-02-04 15:56:01'),
(102, 96, 1, '2023-01-08', '1', '2023-02-04 15:56:18', '2023-02-04 15:56:18'),
(103, 123, 1, '2023-01-08', '1', '2023-02-04 15:56:45', '2023-02-04 15:56:45'),
(104, 124, 1, '2023-01-08', '1', '2023-02-04 15:57:14', '2023-02-04 15:57:14'),
(105, 125, 1, '2023-01-08', '1', '2023-02-04 15:57:39', '2023-02-04 15:57:39'),
(106, 126, 1, '2023-01-08', '1', '2023-02-04 15:58:09', '2023-02-04 15:58:09'),
(107, 127, 1, '2023-01-08', '1', '2023-02-04 16:08:12', '2023-02-04 16:08:12'),
(108, 128, 1, '2023-01-08', '1', '2023-02-04 16:08:59', '2023-02-04 16:08:59'),
(109, 129, 1, '2023-01-08', '1', '2023-02-04 16:09:31', '2023-02-04 16:09:31'),
(110, 32, 1, '2023-01-08', '1', '2023-02-04 16:09:47', '2023-02-04 16:09:47'),
(111, 33, 1, '2023-01-08', '1', '2023-02-04 16:10:13', '2023-02-04 16:10:13'),
(112, 34, 1, '2023-01-08', '1', '2023-02-04 16:10:28', '2023-02-04 16:10:28'),
(113, 101, 1, '2023-01-08', '1', '2023-02-04 16:10:45', '2023-02-04 16:10:45'),
(114, 35, 1, '2023-01-08', '1', '2023-02-04 16:11:13', '2023-02-04 16:11:13'),
(115, 38, 1, '2023-01-08', '1', '2023-02-04 16:11:51', '2023-02-04 16:11:51'),
(116, 41, 1, '2023-01-08', '1', '2023-02-04 16:12:29', '2023-02-04 16:12:29'),
(117, 103, 1, '2023-01-08', '1', '2023-02-04 16:12:57', '2023-02-04 16:12:57'),
(118, 40, 1, '2023-01-08', '1', '2023-02-04 16:16:10', '2023-02-04 16:16:10'),
(119, 42, 1, '2023-01-08', '1', '2023-02-04 16:16:36', '2023-02-04 16:16:36'),
(120, 130, 1, '2023-01-08', '1', '2023-02-04 16:17:16', '2023-02-04 16:17:16'),
(121, 47, 1, '2023-01-08', '1', '2023-02-04 16:17:39', '2023-02-04 16:17:39'),
(122, 48, 1, '2023-01-08', '1', '2023-02-04 16:18:06', '2023-02-04 16:18:06'),
(123, 51, 1, '2023-01-08', '1', '2023-02-04 16:18:33', '2023-02-04 16:18:33'),
(124, 52, 1, '2023-01-08', '1', '2023-02-04 16:18:50', '2023-02-04 16:18:50'),
(125, 54, 1, '2023-01-08', '1', '2023-02-04 16:19:19', '2023-02-04 16:19:19'),
(126, 131, 1, '2023-01-08', '1', '2023-02-04 16:19:53', '2023-02-04 16:19:53'),
(127, 55, 1, '0000-00-00', '1', '2023-02-04 08:22:47', '2023-02-04 16:22:47'),
(128, 132, 1, '2023-01-08', '1', '2023-02-04 16:23:51', '2023-02-04 16:23:51'),
(129, 55, 1, '2023-01-08', '1', '2023-02-04 16:23:58', '2023-02-04 16:23:58'),
(130, 58, 1, '2023-01-08', '1', '2023-02-04 16:24:17', '2023-02-04 16:24:17'),
(131, 59, 1, '2023-01-08', '1', '2023-02-04 16:24:42', '2023-02-04 16:24:42'),
(132, 63, 1, '2023-01-08', '1', '2023-02-04 16:25:01', '2023-02-04 16:25:01'),
(133, 64, 1, '2023-01-08', '1', '2023-02-04 16:25:19', '2023-02-04 16:25:19'),
(134, 67, 1, '2023-01-08', '1', '2023-02-04 16:25:41', '2023-02-04 16:25:41'),
(135, 68, 1, '2023-01-08', '1', '2023-02-04 16:26:02', '2023-02-04 16:26:02'),
(136, 133, 1, '2023-01-08', '1', '2023-02-04 16:26:40', '2023-02-04 16:26:40'),
(137, 114, 1, '2023-01-08', '1', '2023-02-04 16:26:48', '2023-02-04 16:26:48'),
(138, 134, 1, '2023-01-08', '1', '2023-02-04 16:27:31', '2023-02-04 16:27:31'),
(139, 75, 1, '2023-01-08', '1', '2023-02-04 16:27:51', '2023-02-04 16:27:51'),
(140, 53, 1, '2023-01-08', '1', '2023-02-04 16:28:24', '2023-02-04 16:28:24'),
(141, 135, 1, '2023-01-08', '1', '2023-02-04 16:29:00', '2023-02-04 16:29:00'),
(142, 136, 1, '2023-01-08', '1', '2023-02-04 16:29:27', '2023-02-04 16:29:27'),
(143, 137, 1, '2023-01-08', '1', '2023-02-04 16:30:02', '2023-02-04 16:30:02'),
(144, 138, 1, '2023-01-08', '1', '2023-02-04 16:30:27', '2023-02-04 16:30:27'),
(145, 139, 1, '2023-01-08', '1', '2023-02-04 16:31:05', '2023-02-04 16:31:05'),
(146, 79, 1, '2023-01-08', '1', '2023-02-04 16:31:29', '2023-02-04 16:31:29'),
(147, 80, 1, '2023-01-08', '1', '2023-02-04 16:31:49', '2023-02-04 16:31:49'),
(148, 81, 1, '2023-01-08', '1', '2023-02-04 16:32:08', '2023-02-04 16:32:08'),
(149, 82, 1, '2023-01-08', '1', '2023-02-04 16:32:31', '2023-02-04 16:32:31'),
(150, 140, 1, '2023-01-08', '1', '2023-02-04 16:32:56', '2023-02-04 16:32:56'),
(151, 117, 1, '2023-01-08', '1', '2023-02-04 16:33:16', '2023-02-04 16:33:16');

-- --------------------------------------------------------

--
-- Table structure for table `users`
--

CREATE TABLE `users` (
  `id` bigint(20) NOT NULL,
  `name` varchar(255) COLLATE utf8mb4_unicode_ci NOT NULL,
  `email` varchar(255) COLLATE utf8mb4_unicode_ci NOT NULL,
  `role` enum('Staff','Admin') COLLATE utf8mb4_unicode_ci NOT NULL,
  `email_verified_at` timestamp NULL DEFAULT NULL,
  `status` smallint(6) DEFAULT NULL COMMENT '1=Active, 0=Inactive',
  `password` varchar(255) COLLATE utf8mb4_unicode_ci NOT NULL,
  `remember_token` varchar(100) COLLATE utf8mb4_unicode_ci DEFAULT NULL,
  `created_at` timestamp NULL DEFAULT NULL,
  `updated_at` timestamp NULL DEFAULT NULL
) ENGINE=InnoDB DEFAULT CHARSET=utf8mb4 COLLATE=utf8mb4_unicode_ci;

--
-- Dumping data for table `users`
--

INSERT INTO `users` (`id`, `name`, `email`, `role`, `email_verified_at`, `status`, `password`, `remember_token`, `created_at`, `updated_at`) VALUES
(1, 'Admin', 'admin@mail.com', 'Admin', NULL, 1, '$2y$10$40GVT2Qc9CGGWEogdPIqI.jSM5ZdIeqsHrtp.YZiPDD3FscBeNEDm', NULL, '2023-01-16 14:18:11', '2023-01-16 14:18:11'),
(3, 'Grace Lingo', 'grace@mail.com', 'Staff', NULL, 1, '$2y$10$fyfqGKC3RKWqtwXDCOELR.T7ggMgZnj.Gseo5n.1z2b9aHOXtpMxO', NULL, '2023-01-16 16:00:00', NULL),
(4, 'Malou Espiritu', 'espiritumalou92@gmail.com', 'Staff', NULL, 1, '$2y$10$gki2Nr9VKDH.cw8wuIrM4e.ykMSdVU9cyzR7R4Z6/gNs.b6HBcIt.', NULL, '2023-01-29 00:00:00', NULL);

--
-- Indexes for dumped tables
--

--
-- Indexes for table `activity_logs`
--
ALTER TABLE `activity_logs`
  ADD PRIMARY KEY (`id`);

--
-- Indexes for table `commitments`
--
ALTER TABLE `commitments`
  ADD PRIMARY KEY (`id`),
  ADD KEY `commitments_members_id` (`member_id`);

--
-- Indexes for table `expenses`
--
ALTER TABLE `expenses`
  ADD PRIMARY KEY (`id`),
  ADD KEY `expenses_ministries_id` (`ministry_id`),
  ADD KEY `expenses_user_id` (`recorded_by`);

--
-- Indexes for table `failed_jobs`
--
ALTER TABLE `failed_jobs`
  ADD PRIMARY KEY (`id`),
  ADD UNIQUE KEY `failed_jobs_uuid_unique` (`uuid`);

--
-- Indexes for table `members`
--
ALTER TABLE `members`
  ADD PRIMARY KEY (`id`),
  ADD UNIQUE KEY `handlers_email_unique` (`email`);

--
-- Indexes for table `migrations`
--
ALTER TABLE `migrations`
  ADD PRIMARY KEY (`id`);

--
-- Indexes for table `ministries`
--
ALTER TABLE `ministries`
  ADD PRIMARY KEY (`id`);

--
-- Indexes for table `offerings`
--
ALTER TABLE `offerings`
  ADD PRIMARY KEY (`id`),
  ADD KEY `offerings_transaction_id` (`transaction_id`),
  ADD KEY `offerings_ministries_id` (`ministry_id`);

--
-- Indexes for table `password_resets`
--
ALTER TABLE `password_resets`
  ADD KEY `password_resets_email_index` (`email`);

--
-- Indexes for table `personal_access_tokens`
--
ALTER TABLE `personal_access_tokens`
  ADD PRIMARY KEY (`id`),
  ADD UNIQUE KEY `personal_access_tokens_token_unique` (`token`),
  ADD KEY `personal_access_tokens_tokenable_type_tokenable_id_index` (`tokenable_type`,`tokenable_id`);

--
-- Indexes for table `services`
--
ALTER TABLE `services`
  ADD PRIMARY KEY (`id`);

--
-- Indexes for table `transactions`
--
ALTER TABLE `transactions`
  ADD PRIMARY KEY (`id`),
  ADD KEY `transactions_member_id` (`member_id`),
  ADD KEY `transactions_service_id` (`service_id`);

--
-- Indexes for table `users`
--
ALTER TABLE `users`
  ADD PRIMARY KEY (`id`),
  ADD UNIQUE KEY `users_email_unique` (`email`);

--
-- AUTO_INCREMENT for dumped tables
--

--
-- AUTO_INCREMENT for table `activity_logs`
--
ALTER TABLE `activity_logs`
  MODIFY `id` bigint(20) NOT NULL AUTO_INCREMENT;

--
-- AUTO_INCREMENT for table `commitments`
--
ALTER TABLE `commitments`
  MODIFY `id` bigint(20) NOT NULL AUTO_INCREMENT, AUTO_INCREMENT=141;

--
-- AUTO_INCREMENT for table `expenses`
--
ALTER TABLE `expenses`
  MODIFY `id` bigint(20) NOT NULL AUTO_INCREMENT;

--
-- AUTO_INCREMENT for table `failed_jobs`
--
ALTER TABLE `failed_jobs`
  MODIFY `id` bigint(20) UNSIGNED NOT NULL AUTO_INCREMENT;

--
-- AUTO_INCREMENT for table `members`
--
ALTER TABLE `members`
  MODIFY `id` bigint(20) NOT NULL AUTO_INCREMENT, AUTO_INCREMENT=141;

--
-- AUTO_INCREMENT for table `migrations`
--
ALTER TABLE `migrations`
  MODIFY `id` int(10) UNSIGNED NOT NULL AUTO_INCREMENT, AUTO_INCREMENT=17;

--
-- AUTO_INCREMENT for table `ministries`
--
ALTER TABLE `ministries`
  MODIFY `id` bigint(20) NOT NULL AUTO_INCREMENT, AUTO_INCREMENT=15;

--
-- AUTO_INCREMENT for table `offerings`
--
ALTER TABLE `offerings`
  MODIFY `id` bigint(20) NOT NULL AUTO_INCREMENT, AUTO_INCREMENT=2166;

--
-- AUTO_INCREMENT for table `personal_access_tokens`
--
ALTER TABLE `personal_access_tokens`
  MODIFY `id` bigint(20) UNSIGNED NOT NULL AUTO_INCREMENT;

--
-- AUTO_INCREMENT for table `services`
--
ALTER TABLE `services`
  MODIFY `id` bigint(20) NOT NULL AUTO_INCREMENT, AUTO_INCREMENT=3;

--
-- AUTO_INCREMENT for table `transactions`
--
ALTER TABLE `transactions`
  MODIFY `id` bigint(20) NOT NULL AUTO_INCREMENT, AUTO_INCREMENT=152;

--
-- AUTO_INCREMENT for table `users`
--
ALTER TABLE `users`
  MODIFY `id` bigint(20) NOT NULL AUTO_INCREMENT, AUTO_INCREMENT=5;

--
-- Constraints for dumped tables
--

--
-- Constraints for table `commitments`
--
ALTER TABLE `commitments`
  ADD CONSTRAINT `commitments_members_id` FOREIGN KEY (`member_id`) REFERENCES `members` (`id`);

--
-- Constraints for table `expenses`
--
ALTER TABLE `expenses`
  ADD CONSTRAINT `expenses_ministries_id` FOREIGN KEY (`ministry_id`) REFERENCES `ministries` (`id`),
  ADD CONSTRAINT `expenses_user_id` FOREIGN KEY (`recorded_by`) REFERENCES `users` (`id`);

--
-- Constraints for table `offerings`
--
ALTER TABLE `offerings`
  ADD CONSTRAINT `offerings_ministries_id` FOREIGN KEY (`ministry_id`) REFERENCES `ministries` (`id`),
  ADD CONSTRAINT `offerings_transaction_id` FOREIGN KEY (`transaction_id`) REFERENCES `transactions` (`id`);

--
-- Constraints for table `transactions`
--
ALTER TABLE `transactions`
  ADD CONSTRAINT `transactions_member_id` FOREIGN KEY (`member_id`) REFERENCES `members` (`id`),
  ADD CONSTRAINT `transactions_service_id` FOREIGN KEY (`service_id`) REFERENCES `services` (`id`);
COMMIT;

/*!40101 SET CHARACTER_SET_CLIENT=@OLD_CHARACTER_SET_CLIENT */;
/*!40101 SET CHARACTER_SET_RESULTS=@OLD_CHARACTER_SET_RESULTS */;
/*!40101 SET COLLATION_CONNECTION=@OLD_COLLATION_CONNECTION */;
